Player,Hurdle Dash,Pennant Capture,Circle Push,Block Smash,Disc Catch,Lamp Jump,Relay Run,Ring Drop,Snow Throw,Goal Roll,Date,Link,Country,Row ID
Fry,"79,8",51,61,150,96,540,"19,3",200,84,10,23/09/2009,https://ameblo.jp/tubapokemart/entry-10349141448.html,Japan,2
TEST,"74",51,61,150,96,540,"19,3",200,84,10,23/09/2025,https://ameblo.jp/tubapokemart/entry-10349141448.html,Japan,2
Hatena,"83,7",,56,130,78,494,"18,1",174,85,17,22/10/2009,https://suimidori.hatenablog.jp/entry/31045674,Japan,3
ranbapkm,79,51,66,144,105,538,"20,2",200,123,19,07/12/2009,http://ranbapkmn.blog85.fc2.com/blog-entry-99.html,Japan,4
Unkown,"89,5",41,57,90,82,502,"13,6",89,34,10,13/02/2010,https://jp.wazap.com/thread/%E3%83%9D%E3%82%B1%E3%82%B9%E3%83%AD%E3%83%B3%E8%A8%98%E9%8C%B2%E3%82%92%E6%9B%B8%E3%81%93%E3%81%86/378240/,Japan,5
È∂¥Áîï,"78,2",40,60,140,60,498,"17,5",179,42,14,13/02/2010,https://jp.wazap.com/thread/%E3%83%9D%E3%82%B1%E3%82%B9%E3%83%AD%E3%83%B3%E8%A8%98%E9%8C%B2%E3%82%92%E6%9B%B8%E3%81%93%E3%81%86/378240/,Japan,6
Vaati_Reborn,"86,6",42,46,90,60,485,"13,5",92,31,7,22/03/2010,https://gamefaqs.gamespot.com/boards/960099-pokemon-heartgold-version/54039555,western countries,7
Ppug_wishbone,"85,3",41,61,131,86,491,"15,2",143,85,9,22/03/2010,https://gamefaqs.gamespot.com/boards/960099-pokemon-heartgold-version/54039555,western countries,8
mashystrr,"90,7",35,50,110,40,484,13,90,59,7,22/03/2010,https://gamefaqs.gamespot.com/boards/960099-pokemon-heartgold-version/54039555,western countries,9
Megaloshi,"91,4",34,49,130,63,403,"16,2",100,27,11,22/03/2010,https://gamefaqs.gamespot.com/boards/960099-pokemon-heartgold-version/54039555,western countries,10
apolloflameowns,"78,4",46,61,128,51,601,"16,3",176,58,7,01/04/2010,https://gamefaqs.gamespot.com/boards/960099-pokemon-heartgold-version/54184945,western countries,11
mqntqstorm,"92,6",37,56,120,37,492,17,143,36,10,01/04/2010,https://gamefaqs.gamespot.com/boards/960099-pokemon-heartgold-version/54184945,western countries,12
Arkayna,"88,2",36,45,121,41,482,"18,3",141,46,4,01/04/2010,https://gamefaqs.gamespot.com/boards/960099-pokemon-heartgold-version/54184945,western countries,13
shayminguy7,"79,7",44,60,130,80,523,"16,5",180,65,13,02/04/2010,https://gamefaqs.gamespot.com/boards/960099-pokemon-heartgold-version/54194139,western countries,14
Nerdrowwilson,,45,,,,,,,,,04/04/2010,https://gamefaqs.gamespot.com/boards/960099-pokemon-heartgold-version/54194139?page=2,western countries,15
hotdogturtle,"77,1",,65,150,85,,"18,8",,102,13,04/04/2010,https://gamefaqs.gamespot.com/boards/960099-pokemon-heartgold-version/54194139?page=2,western countries,16
1337_FF_GoD,,,,,,544,,200,,,04/04/2010,https://gamefaqs.gamespot.com/boards/960099-pokemon-heartgold-version/54194139?page=2,western countries,17
NESKamikaze,"76,2",44,66,134,82,512,,175,87,12,12/04/2010,https://www.supercheats.com/nintendods/walkthroughs/pokemonsoulsilver-walkthrough07.txt,Western country,18
Ayenamae,"79,7",43,60,,101,526,"18,6",180,68,10,12/04/2010,https://www.supercheats.com/nintendods/walkthroughs/pokemonsoulsilver-walkthrough07.txt,Western country,19
Joshua,"76,2",42,,,69,,"18,9",,62,,12/04/2010,https://www.supercheats.com/nintendods/walkthroughs/pokemonsoulsilver-walkthrough07.txt,Western country,20
[DX] CiaraJansonFan,"93,2",30,,90,31,461,"16,5",,,,12/04/2010,https://www.videogamesrecords.net/en/pok%C3%A9athlon-game-g2166/pok%C3%A9athlon-group-g7722/index,UK,21
[Gamer] wadoludo,"94,2",24,,,46,462,"14,1",,,,12/04/2010,https://www.videogamesrecords.net/en/pok%C3%A9athlon-game-g2166/pok%C3%A9athlon-group-g7722/index,BR,22
[BF] BlackShark,,,,,,,,,36,11,12/04/2010,https://www.videogamesrecords.net/en/pok%C3%A9athlon-game-g2166/pok%C3%A9athlon-group-g7722/index,FR,23
Metagross_386,,,,134,,,"18,4",,,11,12/04/2010,https://www.supercheats.com/nintendods/walkthroughs/pokemonsoulsilver-walkthrough07.txt,Western country,24
MatthewOsk,,,,,,,,179,,10,12/04/2010,https://www.supercheats.com/nintendods/walkthroughs/pokemonsoulsilver-walkthrough07.txt,Western country,25
Flashpanda,,,,120,,,,,,,12/04/2010,https://www.supercheats.com/nintendods/walkthroughs/pokemonsoulsilver-walkthrough07.txt,Western country,26
Icedragon26,,,63,,,,,,,,12/04/2010,https://www.supercheats.com/nintendods/walkthroughs/pokemonsoulsilver-walkthrough07.txt,Western country,27
Soro99,,,,,,517,,,,,12/04/2010,https://www.supercheats.com/nintendods/walkthroughs/pokemonsoulsilver-walkthrough07.txt,Western country,28
[B2H] Basile,,51,,,,,"18,6",,,14,13/04/2010,https://www.videogamesrecords.net/en/pok%C3%A9athlon-game-g2166/pok%C3%A9athlon-group-g7722/index,FR,29
[Czn] daft.moustik,"90,6",42,,111,67,517,"17,3",,90,17,13/04/2010,https://www.videogamesrecords.net/en/pok%C3%A9athlon-game-g2166/pok%C3%A9athlon-group-g7722/index,FR,30
[SBEXP] PIERREL05,"96,4",38,,110,48,490,"14,3",,34,4,13/04/2010,https://www.videogamesrecords.net/en/pok%C3%A9athlon-game-g2166/pok%C3%A9athlon-group-g7722/index,FR,31
[SM] Virus-v2,,,,133,,,,,,,13/04/2010,https://www.videogamesrecords.net/en/pok%C3%A9athlon-game-g2166/pok%C3%A9athlon-group-g7722/index,FR,32
[RS] elpierrot17,"80,3",49,,120,58,459,,,40,7,16/04/2010,https://www.videogamesrecords.net/en/pok%C3%A9athlon-game-g2166/pok%C3%A9athlon-group-g7722/index,FR,33
[B2H] Joulou-Michael,"76,4",51,,150,91,538,"19,1",,96,22,20/04/2010,https://www.videogamesrecords.net/en/pok%C3%A9athlon-game-g2166/pok%C3%A9athlon-group-g7722/index,FR,34
[RS] Yoshi55,"84,5",42,,,,,"16,9",,94,,23/04/2010,https://www.videogamesrecords.net/en/pok%C3%A9athlon-game-g2166/pok%C3%A9athlon-group-g7722/index,FR,35
[B2H] Basile,,,,,91,,,,,,23/04/2010,https://www.videogamesrecords.net/en/pok%C3%A9athlon-game-g2166/pok%C3%A9athlon-group-g7722/index,FR,36
[B2H] Basile,"79,4",,,,,,,,,,30/04/2010,https://www.videogamesrecords.net/en/pok%C3%A9athlon-game-g2166/pok%C3%A9athlon-group-g7722/index,FR,37
El Jako,"83,8",40,61,136,86,514,"18,4",200,61,6,05/05/2010,https://www.neoseeker.com/forums/44116/t1523114-pokeathlon-records/1.htm,Western countries,38
ShadowCrystallux,"83,8",35,43,108,55,435,"17,8",146,53,8,07/05/2010,https://www.neoseeker.com/forums/44116/t1523114-pokeathlon-records/1.htm,Western countries,39
pommyadam,"89,8",38,55,120,60,500,"18,4",141,50,10,08/05/2010,https://www.neoseeker.com/forums/44116/t1523114-pokeathlon-records/1.htm,Western countries,40
Chaos Team,"96,6",36,43,107,47,480,"13,1",85,38,5,08/05/2010,https://www.neoseeker.com/forums/44116/t1523114-pokeathlon-records/1.htm,Western countries,41
pokegalKim,"80,1",46,66,140,88,523,19,175,79,12,11/05/2010,https://www.neoseeker.com/forums/44116/t1523114-pokeathlon-records/1.htm,Western countries,42
ShadowCrystallux,"83,8",35,53,120,56,503,"18,2",148,54,8,14/05/2010,https://www.neoseeker.com/forums/44116/t1523114-pokeathlon-records/1.htm,Western countries,43
JustCazzual,"85,5",36,61,100,78,495,"16,9",175,46,12,19/05/2010,https://www.neoseeker.com/forums/44116/t1523114-pokeathlon-records/1.htm,Western countries,44
Hatena 2,"83,7",,66,130,88,503,"18,1",195,118,17,21/05/2010,https://suimidori.hatenablog.jp/entry/31045674,Japan,45
eon80,"79,3",50,66,138,78,521,"20,5",200,64,14,19/06/2010,https://www.neoseeker.com/forums/44117/t1543700-my-pokeathlon-guide/,Western countries,46
Chaos Team,"79,7",42,56,120,58,491,17,162,66,5,19/06/2010,https://www.neoseeker.com/forums/44117/t1543700-my-pokeathlon-guide/,Western countries,47
HyenaBlarg,"86,5",43,55,140,68,450,"19,9",194,52,9,14/07/2010,https://www.neoseeker.com/forums/44116/t1523114-pokeathlon-records/1.htm,Western countries,48
ash300383,"97,9",45,54,111,34,513,"15,9",145,46,7,23/07/2010,https://www.neoseeker.com/forums/44117/t1557977-pokeathlon-high-scores/,Western countries,49
Geo,"96,5",36,48,120,65,462,"18,3",94,35,5,23/07/2010,https://www.neoseeker.com/forums/44117/t1557977-pokeathlon-high-scores/,Western countries,50
[RS] elpierrot17,,,,,,,"18,9",,,,23/07/2010,https://www.videogamesrecords.net/en/pok%C3%A9athlon-game-g2166/pok%C3%A9athlon-group-g7722/index,FR,51
Zrns,"77,6",51,64,135,75,517,"16,4",141,63,10,24/07/2010,http://pkmnsz.blog59.fc2.com/blog-entry-1000.html,Japan,52
[B2H] Basile,,,,,,,,,95,,24/07/2010,https://www.videogamesrecords.net/en/pok%C3%A9athlon-game-g2166/pok%C3%A9athlon-group-g7722/index,FR,53
Missile,"88,4",37,56,112,44,490,"17,1",101,57,4,01/08/2010,https://forums.dragonflycave.com/threads/pokeathalon-record-hall-of-fame.10350/,western countries,54
AtomicPokabu,"86,5",31,44,110,49,472,"14,5",129,53,7,01/08/2010,https://forums.dragonflycave.com/threads/pokeathalon-record-hall-of-fame.10350/,western countries,55
nothing to see here,"90,8",41,61,126,74,517,"16,5",178,58,12,03/08/2010,https://forums.dragonflycave.com/threads/pokeathalon-record-hall-of-fame.10350/,western countries,56
shun15:hatena,"92,4",36,42,103,43,482,"13,6",104,32,4,06/08/2010,https://sp.jp.wazap.com/thread/%E3%82%B6%E3%83%BB%E3%83%9D%E3%82%B1%E3%82%B9%E3%83%AD%E3%83%B3/390965/,Japan,57
dragon demoniaco,"83,2",49,56,132,76,524,"17,2",200,67,12,08/08/2010,https://sp.jp.wazap.com/thread/%E3%82%B6%E3%83%BB%E3%83%9D%E3%82%B1%E3%82%B9%E3%83%AD%E3%83%B3/390965/,Japan,58
[250],"84,4",37,55,121,89,506,"16,3",123,55,10,08/08/2010,https://sp.jp.wazap.com/thread/%E3%82%B6%E3%83%BB%E3%83%9D%E3%82%B1%E3%82%B9%E3%83%AD%E3%83%B3/390965/,Japan,59
Carby,,48,,120,92,563,"17,5",,80,,10/08/2010,https://www.videogamesrecords.net/en/pok%C3%A9athlon-game-g2166/pok%C3%A9athlon-group-g7722/index,FR,60
[GB] m251,"78,9",51,,139,95,545,"19,1",,90,18,12/08/2010,https://www.videogamesrecords.net/en/pok%C3%A9athlon-game-g2166/pok%C3%A9athlon-group-g7722/index,FR,61
PyrosAWX,"83,6",45,,112,102,521,"17,5",,83,12,13/08/2010,https://www.videogamesrecords.net/en/pok%C3%A9athlon-game-g2166/pok%C3%A9athlon-group-g7722/index,FR,62
Meng w,"79,2",45,61,130,103,505,20,192,112,16,16/08/2010,https://sp.jp.wazap.com/thread/%E3%82%B6%E3%83%BB%E3%83%9D%E3%82%B1%E3%82%B9%E3%83%AD%E3%83%B3/390965/,Japan,63
[BF] BlackShark,"79,2",,,154,106,520,"20,6",,,,22/08/2010,https://www.videogamesrecords.net/en/pok%C3%A9athlon-game-g2166/pok%C3%A9athlon-group-g7722/index,FR,64
[RS] Boullu,"85,9",39,,110,47,443,"16,6",,34,7,24/08/2010,https://www.videogamesrecords.net/en/pok%C3%A9athlon-game-g2166/pok%C3%A9athlon-group-g7722/index,FR,65
PsychoMugetsu,"79,9",52,66,151,102,529,"19,2",200,98,,04/09/2010,https://www.neoseeker.com/forums/44117/t1557977-pokeathlon-high-scores/,Western countries,66
MasterAdry,83,40,60,130,83,501,"17,3",200,65,9,05/09/2010,https://teamaqua.forumfree.it/?t=50545941,Italy,67
CrystalDragon,"86,5",36,51,113,48,487,"14,5",128,33,9,05/09/2010,https://www.neoseeker.com/forums/44117/t1557977-pokeathlon-high-scores/,Western countries,68
bond007106,"88,1",43,61,130,90,520,"17,1",200,72,10,30/09/2010,https://www.neoseeker.com/forums/44117/t1557977-pokeathlon-high-scores/,Western countries,69
Impo,"87,1",43,59,110,88,485,"17,2",172,70,15,09/10/2010,https://www.pokecommunity.com/threads/best-pokeathlon-records.234092/,western countries,70
PlatinumDude,"94,2",43,66,124,67,504,"17,3",,55,10,09/10/2010,https://www.pokecommunity.com/threads/best-pokeathlon-records.234092/,western countries,71
Amberarieldove,"96,5",46,57,108,58,534,"18,4",124,33,13,18/10/2010,https://www.neoseeker.com/forums/44116/t1523114-pokeathlon-records/1.htm,Western countries,72
PKMN_trainer,"79,7",42,53,135,55,493,"16,2",200,83,10,21/10/2010,https://projectpokemon.org/home/forums/topic/11171-record-for-the-pokeathlon/,western countries,73
eon80,"79,3",52,66,140,91,523,"20,5",200,64,14,27/10/2010,https://www.neoseeker.com/forums/44116/t1523114-pokeathlon-records/1.htm,Western countries,74
eeci,"79,3",50,66,130,89,544,"19,8",200,79,18,27/10/2010,https://www.neoseeker.com/forums/44116/t1523114-pokeathlon-records/1.htm,Western countries,75
CAPITAL BETA,"89,7",34,47,124,41,473,"17,6",113,58,4,27/10/2010,https://www.neoseeker.com/forums/44116/t1523114-pokeathlon-records/1.htm,Western countries,76
Kidedan,"79,9",36,47,134,53,469,"18,9",176,52,5,28/10/2010,https://www.neoseeker.com/forums/44116/t1523114-pokeathlon-records/1.htm,Western countries,77
eeci,"79,3",50,66,130,90,544,"19,8",200,79,20,12/11/2010,https://www.neoseeker.com/forums/44116/t1523114-pokeathlon-records/1.htm,Western countries,78
ElectricArcanine,"94,1",36,40,116,55,468,"16,1",149,47,7,13/11/2010,https://www.neoseeker.com/forums/44116/t1523114-pokeathlon-records/1.htm,Western countries,79
[üüä] nickwii77,"105,3",35,,86,36,336,15,,,,07/12/2010,https://www.videogamesrecords.net/en/pok%C3%A9athlon-game-g2166/pok%C3%A9athlon-group-g7722/index,Western countries,80
jacob0057,"96,9",39,44,110,53,468,"13,7",131,50,4,10/12/2010,https://www.neoseeker.com/forums/44116/t1523114-pokeathlon-records/1.htm,Western countries,81
eeci,76,50,66,151,110,555,"21,6",200,83,20,12/12/2010,https://www.neoseeker.com/forums/44116/t1523114-pokeathlon-records/1.htm,Western countries,82
AgentSpike,88,38,56,130,43,490,17,117,35,10,14/12/2010,https://www.neoseeker.com/forums/44116/t1523114-pokeathlon-records/1.htm,Western countries,83
Leafbarrett,"79,4",42,63,144,76,518,"16,5",198,74,9,23/12/2010,https://www.pokecommunity.com/threads/best-pokeathlon-records.234092/,western countries,84
pokeathlon24,"77,9",52,66,125,103,521,"20,5",200,100,15,24/12/2010,https://www.neoseeker.com/forums/44116/t1523114-pokeathlon-records/1.htm,Western countries,85
Magiclapras,"101,3",30,,110,18,,17,,14,9,06/01/2011,https://cyberscore.me.uk/games/864,AUS,86
Hikaru,"79,1",43,65,150,98,521,"17,9",199,66,18,20/01/2011,https://plaza.rakuten.co.jp/ginnohikari/7003/,Japan,87
clemo7,,,,,,,,,,11,12/02/2011,https://www.videogamesrecords.net/en/pok%C3%A9athlon-game-g2166/pok%C3%A9athlon-group-g7722/index,FR,88
ShinySephiroth,"79,6",55,66,140,91,527,"18,6",200,88,14,14/02/2011,https://projectpokemon.org/home/forums/topic/11171-record-for-the-pokeathlon/,western countries,89
glukkers,,36,,,50,489,,,62,,16/02/2011,https://cyberscore.me.uk/games/864,AUS,90
Dominitzk,,,,,,403,"17,9",,,,17/02/2011,https://cyberscore.me.uk/games/864,GER,91
Froesiie,"84,4",45,60,128,88,529,"19,3",130,60,16,19/02/2011,https://www.neoseeker.com/forums/44116/t1523114-pokeathlon-records/1.htm,Western countries,92
Anonymi,"89,9",41,56,120,59,479,"18,5",115,39,14,02/03/2011,https://www.jeuxvideo.com/forums/1-21052-2408559-1-0-1-0-record-pokeathlon.htm,French,93
phenix71400,"91,6",40,50,100,46,507,"12,8",157,33,5,02/03/2011,https://www.jeuxvideo.com/forums/1-21052-2408559-1-0-1-0-record-pokeathlon.htm,French,94
Sunny day,"80,2",44,60,135,76,506,"18,9",187,111,14,06/03/2011,https://projectpokemon.org/home/forums/topic/11171-record-for-the-pokeathlon/,western countries,95
glukkers,"80,4",,,130,,,16,,,7,08/03/2011,https://cyberscore.me.uk/games/864,AUS,96
[B2H] Basile,,,,128,,513,,,,,12/03/2011,https://www.videogamesrecords.net/en/pok%C3%A9athlon-game-g2166/pok%C3%A9athlon-group-g7722/index,FR,97
Dominitzk,"83,1",38,,131,41,,,,17,8,14/03/2011,https://cyberscore.me.uk/games/864,GER,98
[RS] Yoshi55,,,,130,80,509,,,,8,20/03/2011,https://www.videogamesrecords.net/en/pok%C3%A9athlon-game-g2166/pok%C3%A9athlon-group-g7722/index,FR,99
Lechanceux,,,,,,,"20,2",,50,9,01/04/2011,https://www.videogamesrecords.net/en/pok%C3%A9athlon-game-g2166/pok%C3%A9athlon-group-g7722/index,FR,100
Lechanceux,,45,,,,,,,,,02/04/2011,https://www.videogamesrecords.net/en/pok%C3%A9athlon-game-g2166/pok%C3%A9athlon-group-g7722/index,FR,101
[DX] CiaraJansonFan,,,,,,,,,51,1,05/04/2011,https://www.videogamesrecords.net/en/pok%C3%A9athlon-game-g2166/pok%C3%A9athlon-group-g7722/index,UK,102
Userboard guest,"78,5",50,66,140,95,541,"17,5",179,114,18,09/04/2011,https://www.neoseeker.com/forums/44116/t1523114-pokeathlon-records/1.htm,Western countries,103
Ayenamae,"79,7",52,60,,101,526,"18,6",200,68,15,15/04/2011,Pokemon SoulSilver Version - Pokeathlon Guide - DS - By Ayenamae - GameFAQs,Western country,104
JDavidC,,51,,,104,,,,,,15/04/2011,Pokemon SoulSilver Version - Pokeathlon Guide - DS - By Ayenamae - GameFAQs,Western country,105
truthseeker00,,47,64,,,,"19,3",,,,15/04/2011,Pokemon SoulSilver Version - Pokeathlon Guide - DS - By Ayenamae - GameFAQs,Western country,106
ultimate_ninja_,"77,5",,,,,537,,,111,,15/04/2011,Pokemon SoulSilver Version - Pokeathlon Guide - DS - By Ayenamae - GameFAQs,Western country,107
taib,,,66,157,,,"19,4",,103,,15/04/2011,Pokemon SoulSilver Version - Pokeathlon Guide - DS - By Ayenamae - GameFAQs,Western country,108
vash_starfang,,,,150,,,"19,2",200,,,15/04/2011,Pokemon SoulSilver Version - Pokeathlon Guide - DS - By Ayenamae - GameFAQs,Western country,109
fail_fish_84,,,,,110,,,,,,15/04/2011,Pokemon SoulSilver Version - Pokeathlon Guide - DS - By Ayenamae - GameFAQs,Western country,110
Jirachi_Wins,,,,,,,,200,,15,15/04/2011,Pokemon SoulSilver Version - Pokeathlon Guide - DS - By Ayenamae - GameFAQs,Western country,111
The_rhymer,,,,,,,,,,14,15/04/2011,Pokemon SoulSilver Version - Pokeathlon Guide - DS - By Ayenamae - GameFAQs,Western country,112
Arctickiller158,,,,140,,,,,,,15/04/2011,Pokemon SoulSilver Version - Pokeathlon Guide - DS - By Ayenamae - GameFAQs,Western country,113
Game_ROB,,,,,,539,,,,,15/04/2011,Pokemon SoulSilver Version - Pokeathlon Guide - DS - By Ayenamae - GameFAQs,Western country,114
iforgotmyname,,,,,,538,,,,,15/04/2011,Pokemon SoulSilver Version - Pokeathlon Guide - DS - By Ayenamae - GameFAQs,Western country,115
thebattleax,,,,,,,,,,,15/04/2011,Pokemon SoulSilver Version - Pokeathlon Guide - DS - By Ayenamae - GameFAQs,Western country,116
ApolloMing,"88,3",41,59,111,73,490,"16,8",187,33,14,13/05/2011,https://www.jeuxvideo.com/forums/1-21052-2408559-1-0-1-0-record-pokeathlon.htm,French,117
Lolympien03,"79,6",43,60,140,95,535,"19,06",200,56,13,14/05/2011,https://www.jeuxvideo.com/forums/1-21052-2408559-1-0-1-0-record-pokeathlon.htm,French,118
haku-chan,"92,6",37,47,106,62,445,"16,6",125,60,7,14/05/2011,https://www.jeuxvideo.com/forums/1-21052-2408559-1-0-1-0-record-pokeathlon.htm,French,119
Bownzinho,"93,2",30,,90,31,461,"16,5",,51,1,29/05/2011,https://cyberscore.me.uk/games/864,UK,120
jeje1403,"88,3",37,61,106,96,518,17,135,47,8,09/07/2011,https://www.jeuxvideo.com/forums/1-21052-2408559-1-0-1-0-record-pokeathlon.htm,French,121
jacobthepokemonfreak,"86,5",37,61,130,95,513,"17,3",180,79,11,28/07/2011,https://forums.serebii.net/threads/pokeathlon-discussion-and-records.529378/page-3,western countries,122
RaichuArcanine,"94,1",36,54,120,70,469,"16,1",186,49,8,30/07/2011,https://forums.serebii.net/threads/pokeathlon-discussion-and-records.529378/page-3,western countries,123
obito-du-05,"79,2",45,61,128,91,504,19,177,74,13,08/08/2011,https://www.jeuxvideo.com/forums/1-21052-2408559-1-0-1-0-record-pokeathlon.htm,French,124
Acquarelle,"85,5",40,49,113,73,510,"17,5",175,34,7,08/08/2011,https://forums.serebii.net/threads/pokeathlon-discussion-and-records.529378/page-3,western countries,125
TotalPotato,"79,6",38,55,130,85,518,"13,9",124,64,12,09/08/2011,https://forums.serebii.net/threads/pokeathlon-discussion-and-records.529378/page-3,western countries,126
punteggio di gioco,"98,7",36,53,120,53,455,"14,5",117,56,5,09/08/2011,https://www.jeuxvideo.com/forums/1-21052-2408559-1-0-1-0-record-pokeathlon.htm,French,127
Angeltripper,"87,1",44,66,130,81,455,"17,3",156,55,13,14/08/2011,https://forums.serebii.net/threads/pokeathlon-discussion-and-records.529378/page-3,western countries,128
Nintendofreak2245,"79,7",45,,140,71,520,"19,5",,100,14,19/08/2011,https://cyberscore.me.uk/games/864,US,129
silver-sponge,"95,2",36,,84,48,343,"14,8",,21,4,19/09/2011,https://www.videogamesrecords.net/en/pok%C3%A9athlon-game-g2166/pok%C3%A9athlon-group-g7722/index,FR,130
disposable_heroes,"91,1",43,52,123,75,518,17,178,71,7,25/09/2011,https://forums.serebii.net/threads/pokeathlon-discussion-and-records.529378/page-3,western countries,131
dragon35,"78,4",40,60,135,67,535,"18,7",161,65,12,26/09/2011,https://forums.serebii.net/threads/pokeathlon-discussion-and-records.529378/page-3,western countries,132
PokePoindexter,"79,7",45,66,142,90,554,"17,4",200,56,15,17/10/2011,https://projectpokemon.org/home/forums/topic/11171-record-for-the-pokeathlon/,western countries,133
zapteryx,"80,1",42,66,120,85,559,"19,5",200,93,14,27/10/2011,https://forums.serebii.net/threads/pokeathlon-discussion-and-records.529378/page-3,western countries,134
[‚≠ê] xelon00,"99,8",,,107,,355,"15,1",,,,28/10/2011,https://www.videogamesrecords.net/en/pok%C3%A9athlon-game-g2166/pok%C3%A9athlon-group-g7722/index,FR,135
Angusman69 / unwashed heathen (guest),"78,6",50,56,127,83,436,"17,6",163,63,22,04/11/2011,https://www.neoseeker.com/forums/44117/t1557977-pokeathlon-high-scores/,Western countries,136
ballistic Buizel,"84,4",41,52,115,106,514,"14,4",105,40,9,11/11/2011,https://forums.serebii.net/threads/pokeathlon-discussion-and-records.529378/page-3,western countries,137
??? ,"83,4",42,64,123,63,524,"18,8",177,88,12,11/12/2011,https://www.neoseeker.com/forums/44116/t1523114-pokeathlon-records/1.htm,Western countries,138
Silverboxer,,37,,145,,,,,,,18/12/2011,https://cyberscore.me.uk/games/864,US,139
Volcaronick,"89,8",36,60,110,51,491,"15,4",124,50,7,28/12/2011,https://forums.serebii.net/threads/pokeathlon-discussion-and-records.529378/page-3,western countries,140
Volcaronick,"89,8",36,64,130,51,506,"15,9",124,55,8,19/01/2012,https://forums.serebii.net/threads/pokeathlon-discussion-and-records.529378/page-3,western countries,141
Korenji,"79,7",51,63,135,79,525,"19,3",199,67,11,24/01/2012,https://forum.pokemonmillennium.net/topic/5754-record-pok%C3%A9athlon/,Italy,142
DAMN.,"77,6",49,61,128,79,538,"19,2",199,70,11,24/01/2012,https://forum.pokemonmillennium.net/topic/5754-record-pok%C3%A9athlon/,Italy,143
Chari,"92,5",43,63,130,54,492,"16,3",183,46,11,24/01/2012,https://forum.pokemonmillennium.net/topic/5754-record-pok%C3%A9athlon/,Italy,144
ChaosZero_CDC,"78,8",51,66,130,86,542,"20,1",186,82,19,14/02/2012,https://forums.serebii.net/threads/pokeathlon-discussion-and-records.529378/page-3,western countries,145
Chimecho3000,"79,9",52,66,151,102,529,"19,2",200,98,14,07/03/2012,https://forums.serebii.net/threads/pokeathlon-discussion-and-records.529378/page-3,western countries,146
JH2412,"78,7",40,56,130,75,522,"16,4",95,71,9,15/03/2012,https://www.neoseeker.com/forums/44116/t1523114-pokeathlon-records/1.htm,Western countries,147
Lord Fighting ,"94,3",36,59,110,76,480,"16,6",129,59,8,22/03/2012,https://forums.serebii.net/threads/pokeathlon-discussion-and-records.529378/page-3,western countries,148
Lechanceux,"80,2",,,,91,545,,,,,04/04/2012,https://www.videogamesrecords.net/en/pok%C3%A9athlon-game-g2166/pok%C3%A9athlon-group-g7722/index,FR,149
alexnag ,81,46,61,120,89,514,"19,5",190,75,9,14/04/2012,https://www.neoseeker.com/forums/44116/t1523114-pokeathlon-records/1.htm,Western countries,150
Pseudonym,,,,,,554,,,,,03/05/2012,https://cyberscore.me.uk/games/864,US,151
Snowden,"78,5",51,66,136,96,562,"18,7",200,113,17,10/05/2012,https://forums.serebii.net/threads/pokeathlon-discussion-and-records.529378/page-3,western countries,152
Tiigon,"87,3",43,,130,95,531,"16,6",,106,10,15/06/2012,https://www.videogamesrecords.net/en/pok%C3%A9athlon-game-g2166/pok%C3%A9athlon-group-g7722/index,FIN,153
Neppix / unwashed heathen (guest),81,44,63,115,82,528,"17,5",165,60,12,25/06/2012,https://www.neoseeker.com/forums/44116/t1523114-pokeathlon-records/1.htm,Western countries,154
[CA.fr] pkaddict58,,42,,122,87,,"18,1",,102,14,08/07/2012,https://www.videogamesrecords.net/en/pok%C3%A9athlon-game-g2166/pok%C3%A9athlon-group-g7722/index,FR,155
Kisialos,,51,,140,109,,,,107,,04/08/2012,https://www.videogamesrecords.net/en/pok%C3%A9athlon-game-g2166/pok%C3%A9athlon-group-g7722/index,FR,156
Lechanceux,,,,140,,,,,,,04/08/2012,https://www.videogamesrecords.net/en/pok%C3%A9athlon-game-g2166/pok%C3%A9athlon-group-g7722/index,FR,157
Mugeli,"98,1",,,97,40,444,"14,8",,,,13/08/2012,https://cyberscore.me.uk/games/864,FIN,158
Alexxx14 / unwashed heathen (guest),"79,8",45,49,132,79,556,18,179,46,10,18/08/2012,https://www.neoseeker.com/forums/44116/t1523114-pokeathlon-records/1.htm,Western countries,159
sillybilly0304,86,35,56,110,58,452,"18,3",152,48,8,19/08/2012,https://www.neoseeker.com/forums/44116/t1523114-pokeathlon-records/1.htm,Western countries,160
sibbi,"79,9",43,60,135,89,543,"19,8",193,65,10,18/09/2012,https://www.jeuxvideo.com/forums/1-21052-2408559-1-0-1-0-record-pokeathlon.htm,French,161
xAlien95,"80,8",47,66,137,86,528,"19,4",174,81,12,24/12/2012,https://forum.pokemonmillennium.net/topic/5754-record-pok%C3%A9athlon/,Italy,162
Ally ,"89,2",36,60,120,90,570,"17,5",175,97,17,28/12/2012,https://www.neoseeker.com/forums/44116/t1523114-pokeathlon-records/1.htm,Western countries,163
Krisi,"77,1",50,,140,105,516,"18,7",,74,19,28/01/2013,https://www.videogamesrecords.net/en/pok%C3%A9athlon-game-g2166/pok%C3%A9athlon-group-g7722/index,Hungary,164
Carby,"80,9",,,,,,,,,13,05/03/2013,https://www.videogamesrecords.net/en/pok%C3%A9athlon-game-g2166/pok%C3%A9athlon-group-g7722/index,FR,165
GiraPrimal,,45,,130,90,538,,,91,17,03/04/2013,https://www.videogamesrecords.net/en/pok%C3%A9athlon-game-g2166/pok%C3%A9athlon-group-g7722/index,FR,166
Eetu247,"86,5",41,,120,61,485,"16,5",,49,12,06/04/2013,https://www.videogamesrecords.net/en/pok%C3%A9athlon-game-g2166/pok%C3%A9athlon-group-g7722/index,FIN,167
Minccinostopaz,"89,7",43,62,63,52,465,"14,6",142,46,10,27/04/2013,https://projectpokemon.org/home/forums/topic/11171-record-for-the-pokeathlon/,western countries,168
SabreNightmare,"107,5",26,,120,28,430,17,,27,6,21/05/2013,https://cyberscore.me.uk/games/864,UK,169
[CA.fr] pkaddict58,"87,2",,,,,508,,,,,12/09/2013,https://www.videogamesrecords.net/en/pok%C3%A9athlon-game-g2166/pok%C3%A9athlon-group-g7722/index,FR,170
Lennert SaimeZX,,36,,105,,,,,,,07/02/2014,https://cyberscore.me.uk/games/864,BLG,171
zaldor,,,,,,,,,,7,19/02/2014,https://cyberscore.me.uk/games/864,NOR,172
zaldor,,,,,,481,,,,,19/02/2014,https://cyberscore.me.uk/games/864,NOR,173
[BF] BlackShark,,45,,,,,,,,,24/02/2014,https://www.videogamesrecords.net/en/pok%C3%A9athlon-game-g2166/pok%C3%A9athlon-group-g7722/index,FR,174
BielR3,,41,,,,,"18,2",,,,03/03/2014,https://cyberscore.me.uk/games/864,SPA,175
BielR3,,,,120,59,529,,,,,19/05/2014,https://cyberscore.me.uk/games/864,SPA,176
JustSayingHi ,"76,1",49,66,138,111,531,"20,2",200,86,20,19/07/2014,https://www.neoseeker.com/forums/44116/t1523114-pokeathlon-records/1.htm,Western countries,177
u/AirMan121,"79,7",48,66,130,84,526,"20,7",158,65,15,24/07/2014,https://www.reddit.com/r/pokemon/comments/2bmjh8/pokeathlon_world_record_thread/,Western country,178
u/Kingofawesomenes,"79,6",46,66,140,84,522,"18,8",200,76,15,24/07/2014,https://www.reddit.com/r/pokemon/comments/2bmjh8/pokeathlon_world_record_thread/,Western country,179
u/Rayquaza384,76,,,,,556,,,90,,24/07/2014,https://www.reddit.com/r/pokemon/comments/2bmjh8/pokeathlon_world_record_thread/,Western country,180
Lennert SaimeZX,,,,,,,,,,12,27/07/2014,https://cyberscore.me.uk/games/864,BLG,181
hfactor66,"78,7",50,,,,,19,,,,29/09/2014,https://cyberscore.me.uk/games/864,US,182
Auric_Arachnus / unwashed heathen (guest),"81,9",42,66,115,77,505,"16,6",200,78,13,14/10/2014,https://www.neoseeker.com/forums/44116/t1523114-pokeathlon-records/1.htm,Western countries,183
BielR3,,,,,,,,,,10,01/11/2014,https://cyberscore.me.uk/games/864,SPA,184
Pokemonmaster888,"82,8",43,,140,83,499,,,53,11,14/12/2014,https://cyberscore.me.uk/games/864,US,185
hfactor66,,,,134,113,,,,97,16,20/01/2015,https://cyberscore.me.uk/games/864,US,186
Alex mathfreak231 B,,,,,,557,"20,6",,,,10/03/2015,https://cyberscore.me.uk/games/864,US,187
333609543,"81,3",53,66,133,91,497,"18,4",200,66,17,20/03/2015,https://www.neoseeker.com/forums/44116/t1523114-pokeathlon-records/1.htm,Western countries,188
Alex mathfreak231 B,,,,,115,,,,,,05/04/2015,https://cyberscore.me.uk/games/864,US,189
Alex mathfreak231 B,"77,4",,,,,,,,,,29/04/2015,https://cyberscore.me.uk/games/864,US,190
Alex mathfreak231 B,,,,,,,,,106,,29/04/2015,https://cyberscore.me.uk/games/864,US,191
Lyto,"80,1",42,,120,85,559,"19,5",,93,14,05/06/2015,https://cyberscore.me.uk/games/864,UK,192
Alex mathfreak231 B,,,,,,,,,,18,05/06/2015,https://cyberscore.me.uk/games/864,US,193
Alex mathfreak231 B,,53,,,,,,,,,06/06/2015,https://cyberscore.me.uk/games/864,US,194
LarXeneUS13,"98,2",41,,128,40,400,"15,3",,50,8,06/06/2015,https://www.videogamesrecords.net/en/pok%C3%A9athlon-game-g2166/pok%C3%A9athlon-group-g7722/index,FR,195
Alex mathfreak231 B,,,,150,,,,,,,09/07/2015,https://cyberscore.me.uk/games/864,US,196
Astragazer,83,41,,128,76,515,"19,1",,53,11,18/08/2015,https://cyberscore.me.uk/games/864,US,197
Alex mathfreak231 B,,,,,,,,,,,29/09/2015,https://www.videogamesrecords.net/en/pok%C3%A9athlon-game-g2166/pok%C3%A9athlon-group-g7722/index,US,198
RecoverShield ,"80,8",45,63,130,82,515,"19,7",200,82,13,22/11/2015,https://www.neoseeker.com/forums/44116/t1523114-pokeathlon-records/1.htm,Western countries,199
tapie ,"88,7",45,54,110,62,480,"17,8",144,45,14,30/01/2016,https://www.neoseeker.com/forums/44116/t1523114-pokeathlon-records/1.htm,Western countries,200
[DS] ScaryDodge,"90,1",37,,110,51,403,"15,9",,34,9,24/04/2016,https://www.videogamesrecords.net/en/pok%C3%A9athlon-game-g2166/pok%C3%A9athlon-group-g7722/index,Portugal,201
PurpleOstrich47,80,54,,140,100,534,"17,9",,87,17,29/07/2016,https://cyberscore.me.uk/games/864,US,202
hotdogturtle,,52,,,105,,"21,5",,,,30/04/2017,https://cyberscore.me.uk/games/864,US,203
[B2H] Kanbei,"89,6",38,,120,60,484,"14,1",,90,6,01/05/2017,https://www.videogamesrecords.net/en/pok%C3%A9athlon-game-g2166/pok%C3%A9athlon-group-g7722/index,Hungary,204
Lennert SaimeZX,"87,5",,,,76,,18,,72,,30/06/2017,https://cyberscore.me.uk/games/864,BLG,205
nnmn,91,39,,104,,440,"16,1",,,,16/08/2017,https://cyberscore.me.uk/games/864,US,206
u/BantaVGC,"76,1",46,53,150,87,571,"20,2",200,61,10,29/10/2017,https://www.reddit.com/r/pokemon/comments/79ird5/pokeathlon_world_records/,Western country,207
u/RBGolbat,"78,7",50,66,134,115,541,"18,3",193,81,20,30/10/2017,https://www.reddit.com/r/pokemon/comments/79ird5/pokeathlon_world_records/,Western country,208
Linke,"75,9",51,,148,82,527,"19,3",,107,14,22/12/2017,https://www.videogamesrecords.net/en/pok%C3%A9athlon-game-g2166/pok%C3%A9athlon-group-g7722/index,AUS,209
Linke,"75,9",,,,,,,,,,22/12/2017,https://cyberscore.me.uk/games/864,AUS,210
hotdogturtle,"75,9",,,,,,,,,,24/12/2017,https://cyberscore.me.uk/games/864,US,211
nnmn,,,,,70,,,,93,9,26/02/2018,https://cyberscore.me.uk/games/864,US,212
Alessio954,"79,1",53,,150,88,537,"19,1",,89,11,08/05/2019,https://cyberscore.me.uk/games/864,ITA,213
[B2H] Vivi_Stem,"79,7",49,,132,92,525,"19,7",,102,19,23/06/2019,https://www.videogamesrecords.net/en/pok%C3%A9athlon-game-g2166/pok%C3%A9athlon-group-g7722/index,FR,214
TaiwanTop / Janyu1114,76,58,,150,118,553,"20,3",200,128,20,17/01/2020,https://www.youtube.com/shorts/vHsMVjvSOJs,Taiwan,215
[FS] Thebestsilver7,"96,9",,,100,,476,"13,6",,,6,21/05/2020,https://www.videogamesrecords.net/en/pok%C3%A9athlon-game-g2166/pok%C3%A9athlon-group-g7722/index,SPA,216
Linke,,,,154,,,,,,21,09/11/2020,https://cyberscore.me.uk/games/864,AUS,217
hotdogturtle,,,,,,,,,,18,12/01/2021,https://cyberscore.me.uk/games/864,US,218
hotdogturtle,,,,155,,,,,,,12/01/2021,https://cyberscore.me.uk/games/864,US,219
hfactor66,,,,,,627,,,,,17/02/2021,https://cyberscore.me.uk/games/864,US,220
hotdogturtle,,,,,,637,,,,,02/03/2021,https://cyberscore.me.uk/games/864,US,221
hotdogturtle,,,,,,,,,125,,04/03/2021,https://cyberscore.me.uk/games/864,US,222
Magiclapras,,,,,,392,,,,,02/06/2021,https://cyberscore.me.uk/games/864,AUS,223
FlamezOfGamez,,45,,136,85,536,"17,6",,102,17,22/07/2021,https://cyberscore.me.uk/games/864,US,224
FlamezOfGamez,"77,7",,,,,,,,,,03/08/2021,https://cyberscore.me.uk/games/864,US,225
ReiaAst1205,,,,,118,,,,,,12/10/2021,https://cyberscore.me.uk/games/864,JAP,226
ReiaAst1205,,,,,,,,,81,,23/10/2021,https://cyberscore.me.uk/games/864,JAP,227
Thebestsilver7,"96,9",,,100,,476,"13,6",,,,25/01/2022,https://cyberscore.me.uk/games/864,SPA,228
Thebestsilver7,,,,,,,,,,6,25/01/2022,https://cyberscore.me.uk/games/864,SPA,229
u/Wrong_Owl,"83,8",51,66,110,100,510,"17,4",177,66,16,15/05/2022,https://www.reddit.com/r/pokemon/comments/sdqm0o/highest_scores_in_the_pokeathlon/,Western country,230
u/YouMayNotKnowMeNow,"76,5",54,66,140,111,535,"20,5",200,81,16,05/08/2022,https://www.reddit.com/r/pokemon/comments/sdqm0o/highest_scores_in_the_pokeathlon/,Western country,231
Megane,"77,4",54,66,150,120,574,"19,7",200,79,21,18/09/2022,https://megane0924.blog.jp/archives/47371098.html,Japan,232
Megane2,,,,,123,,,,81,23,08/10/2022,https://megane0924.blog.jp/archives/47518542.html,Japan,233
Linke,,53,,,,,,,,,09/10/2022,https://cyberscore.me.uk/games/864,AUS,234
ReiaAst1205,,,,,,565,"20,5",,,,03/12/2022,https://cyberscore.me.uk/games/864,JAP,235
ReiaAst1205,,,,156,,,,,,14,26/12/2022,https://cyberscore.me.uk/games/864,JAP,236
Beaf Cultist,"76,1",51,66,167,126,575,21,200,127,24,24/01/2023,https://www.smogon.com/forums/threads/pok%C3%A9athlon-records.3715012/,US,237
955561976,"108,3",,,49,20,370,,,,,27/02/2023,https://cyberscore.me.uk/games/864,ENG,238
u/EchoAlchemy,"75,9",52,66,137,79,528,"17,9",139,64,13,19/04/2023,https://www.reddit.com/r/pokemon/comments/12rjch5/beating_the_pokeathlon_records_in_hgss/,Western country,239
ReiaAst1205,"76,5",,,,,,,,,,23/07/2023,https://cyberscore.me.uk/games/864,JAP,240
Shadeheart,"80,2",44,,,,,17,,,,09/09/2023,https://cyberscore.me.uk/games/864,,241
Mathy,,,,,,,,,,,05/01/2024,https://www.smogon.com/forums/threads/pok%C3%A9athlon-records.3715012/,Western countries,242
BeafCultist,,52,,,,,"21,3",,,,06/01/2024,https://cyberscore.me.uk/games/864,US,243
Rimefang,"77,9",50,66,137,78,507,17,176,88,9,13/06/2024,https://www.smogon.com/forums/threads/pok%C3%A9athlon-records.3715012/,Western countries,244
OPZombie,"78,3",52,66,150,95,541,"21,4",200,85,21,13/09/2024,https://www.smogon.com/forums/threads/pok%C3%A9athlon-records.3715012/,Western countries,245
Linke,,,,,120,595,"22,1",,124,,20/09/2024,https://cyberscore.me.uk/games/864,AUS,246
Linke,"75,9",,66,,,,,200,,,21/09/2024,https://www.smogon.com/forums/threads/pok%C3%A9athlon-records.3715012/,Western countries,247
MegaPelican,,,,,,,"20,5",,,,25/09/2024,https://cyberscore.me.uk/games/864,CAN,248
Kebriones,,54,,,,,,,,,01/10/2024,https://cyberscore.me.uk/games/864,US,249
Kebriones,,54,,,,,,,,,11/10/2024,https://www.smogon.com/forums/threads/pok%C3%A9athlon-records.3715012/,Western countries,250
u/BigCheeseNaan,"78,2",52,66,177,98,542,"21,5",200,107,19,13/10/2024,https://www.reddit.com/r/pokemon/comments/79ird5/pokeathlon_world_records/,Western country,251
ReiaAst1205,,54,,,,,,,,,18/11/2024,https://cyberscore.me.uk/games/864,JAP,252
Lennert SaimeZX,,,,,,519,,,,,05/12/2024,https://cyberscore.me.uk/games/864,BLG,253
PiplupHG,"77,5",52,66,132,97,538,"19,5",186,100,14,28/12/2024,discord.com,Italian,
PiplupSS,"78,9",51,66,190,90,525,"19,5",181,95,10,28/12/2024,discord.com,Italian,
u/YouMayNotKnowMeNow,,,,,,,"21,4",,,,20/07/2025,reddit.com,,256
CS__,"76,2",55,,,,,"22,5",,,,05/08/2025,https://www.smogon.com/forums/threads/pok%C3%A9athlon-records.3715012/page-2,Western country,
CS__,,,,,,,"21,8",,,,05/08/2025,https://www.smogon.com/forums/threads/pok%C3%A9athlon-records.3715012/page-2,Western country,
PiplupHG,,53,,,,,,,,,27/08/2025,discord.com,Italian,
PiplupSS,,52,,,102,,,200,,13,27/08/2025,discord.com,Italian,
