Player,Total Score,Lamp Jump,Disc Catch,Hurdle Dash,Bonus points,Date,Proof,Country,Photo,Colonna 1
SkyHippowdon,352,88,108,106,50,17/09/2009,https://www.youtube.com/watch?v=Ji4ZWR5aRiU,Japan,y,2
hatena2,447,141,129,125,52,22/10/2009,https://suimidori.hatenablog.jp/entry/31045674,Japan,n,3
ranbapkm,473,138,136,122,77,07/12/2009,http://ranbapkmn.blog85.fc2.com/blog-entry-99.html,Japan,n,4
shayminguy7,465,,,,,02/04/2010,https://gamefaqs.gamespot.com/boards/960099-pokemon-heartgold-version/54194139,Western countries,n,5
1337_FF_GoD,470,,,,,04/04/2010,https://gamefaqs.gamespot.com/boards/960099-pokemon-heartgold-version/54194139?page=2,Western countries,n,6
pikaby,452,144,130,127,51,04/04/2010,https://www.youtube.com/watch?v=x9v31tg6TqI,Japan,y,7
Ayenamae,467,,,,,12/04/2010,https://www.supercheats.com/nintendods/walkthroughs/pokemonsoulsilver-walkthrough07.txt,Western countries,n,8
NESKamikaze,466,,,,,12/04/2010,https://www.supercheats.com/nintendods/walkthroughs/pokemonsoulsilver-walkthrough07.txt,Western countries,n,9
[RS]elpierrot17,430,,,,,12/04/2010,https://www.videogamesrecords.net/en/pok%C3%A9athlon-game-g2166/pok%C3%A9athlon-group-g7722/course-jump-chart-c137949/index,France,n,10
Metagross_386,427,,,,,12/04/2010,https://www.supercheats.com/nintendods/walkthroughs/pokemonsoulsilver-walkthrough07.txt,Western countries,n,11
[Gamer]wadoludo,400,,,,,12/04/2010,https://www.videogamesrecords.net/en/pok%C3%A9athlon-game-g2166/pok%C3%A9athlon-group-g7722/course-jump-chart-c137949/index,Brazil,n,12
[DX]CiaraJansonFan,380,,,,,12/04/2010,https://www.videogamesrecords.net/en/pok%C3%A9athlon-game-g2166/pok%C3%A9athlon-group-g7722/course-jump-chart-c137949/index,United Kingdom,n,13
[BF]BlackShark,456,,,,,13/04/2010,https://www.videogamesrecords.net/en/pok%C3%A9athlon-game-g2166/pok%C3%A9athlon-group-g7722/course-jump-chart-c137949/index,France,n,14
[SBEXP]PIERREL05,421,,,,,13/04/2010,https://www.videogamesrecords.net/en/pok%C3%A9athlon-game-g2166/pok%C3%A9athlon-group-g7722/course-jump-chart-c137949/index,France,n,15
[Czn]daft.moustik,432,,,,,16/04/2010,https://www.videogamesrecords.net/en/pok%C3%A9athlon-game-g2166/pok%C3%A9athlon-group-g7722/course-jump-chart-c137949/index,France,n,16
[B2H]Joujou-Michael,468,,,,,20/04/2010,https://www.videogamesrecords.net/en/pok%C3%A9athlon-game-g2166/pok%C3%A9athlon-group-g7722/course-jump-chart-c137949/index,France,n,17
[GP]Darkabe,396,,,,,08/05/2010,https://www.videogamesrecords.net/en/pok%C3%A9athlon-game-g2166/pok%C3%A9athlon-group-g7722/course-jump-chart-c137949/index,Belgium,n,18
NassaDane,470,,,,,16/05/2010,https://gamefaqs.gamespot.com/boards/960099-pokemon-heartgold-version/54800054,Western countries,n,19
hatena2,461,134,129,128,70,21/05/2010,https://suimidori.hatenablog.jp/entry/33138404,Japan,n,20
Eon80,457,,,,,19/06/2010,https://www.neoseeker.com/forums/44117/t1543700-my-pokeathlon-guide/,Western countries,n,21
Chaos Team,426,,,,,19/06/2010,https://www.neoseeker.com/forums/44117/t1543700-my-pokeathlon-guide/,Western countries,n,22
ash300383,414,140,116,57,57,23/07/2010,https://www.neoseeker.com/forums/44117/t1557977-pokeathlon-high-scores/,Western countries,n,23
Pokemonmaster888,460,139,133,120,68,01/08/2010,https://cyberscore.me.uk/charts/111826,US,y,24
PyrosAWX,450,,,,,04/08/2010,https://www.videogamesrecords.net/en/pok%C3%A9athlon-game-g2166/pok%C3%A9athlon-group-g7722/course-jump-chart-c137949/index,France,n,25
[RS]Boullu,420,,,,,24/08/2010,https://www.videogamesrecords.net/en/pok%C3%A9athlon-game-g2166/pok%C3%A9athlon-group-g7722/course-jump-chart-c137949/index,France,n,26
[GB]m251,446,,,,,28/08/2010,https://www.videogamesrecords.net/en/pok%C3%A9athlon-game-g2166/pok%C3%A9athlon-group-g7722/course-jump-chart-c137949/index,France,n,27
PsychoMugetsu,468,,,,,04/09/2010,https://www.neoseeker.com/forums/44117/t1557977-pokeathlon-high-scores/,Western countries,n,28
CrystalDragon,436,,,,,05/09/2010,https://www.neoseeker.com/forums/44117/t1557977-pokeathlon-high-scores/,Western countries,n,29
bond007106,436,,,,,30/09/2010,https://www.neoseeker.com/forums/44117/t1557977-pokeathlon-high-scores/,Western countries,n,30
King j,479,,,,,05/10/2010,https://www.youtube.com/watch?v=n8zbXumsjkA,Western countries,y,31
eeci,473,,,,,12/10/2010,https://www.neoseeker.com/forums/44116/t1523114-pokeathlon-records/3.htm,Western countries,n,32
[⭐]nickwii77,370,,,,,07/12/2010,https://www.videogamesrecords.net/en/pok%C3%A9athlon-game-g2166/pok%C3%A9athlon-group-g7722/course-jump-chart-c137949/index,(No country flag),n,33
jacob0057,422,,,,,10/12/2010,https://www.neoseeker.com/forums/44116/t1523114-pokeathlon-records/3.htm,Western countries,n,34
eeci,473,140,132,126,75,12/12/2010,https://www.neoseeker.com/forums/44116/t1523114-pokeathlon-records/3.htm,Western countries,n,35
Hikaru,484,148,133,138,65,20/01/2011,https://plaza.rakuten.co.jp/ginnohikari/7003/,Japan,n,36
ShinySephiroth,453,,,,,14/02/2011,https://projectpokemon.org/home/forums/topic/11171-record-for-the-pokeathlon/,Western countries,n,37
Sunny Day,460,,,,,06/03/2011,https://projectpokemon.org/home/forums/topic/11171-record-for-the-pokeathlon/,Western countries,n,38
glukkers,439,,,,,08/03/2011,https://cyberscore.me.uk/charts/111830,AUS,n,39
Dominitzk,368,,,,,14/03/2011,https://cyberscore.me.uk/charts/111838,GER,n,40
[RS]Yoshi55,443,145,133,120,45,20/03/2011,https://www.videogamesrecords.net/en/pok%C3%A9athlon-game-g2166/pok%C3%A9athlon-group-g7722/course-jump-chart-c137949/index,France,y,41
guest,465,143,133,117,72,09/04/2011,https://www.neoseeker.com/forums/44116/t1523114-pokeathlon-records/3.htm,Western countries,n,42
Darvonthe1st,503,,,,,15/04/2011,https://gamefaqs.gamespot.com/ds/960100-pokemon-soulsilver-version/faqs/59454,Western countries,n,43
Ayenamae,485,,,,,15/04/2011,https://gamefaqs.gamespot.com/ds/960100-pokemon-soulsilver-version/faqs/59454,Western countries,n,44
thebattleax,479,,,,,15/04/2011,https://gamefaqs.gamespot.com/ds/960100-pokemon-soulsilver-version/faqs/59454,Western countries,n,45
“Bownzinho”,380,,,,,29/05/2011,https://cyberscore.me.uk/charts/111836,UK,n,46
jacobthepokemonfreak,445,,,,,28/07/2011,https://forums.serebii.net/threads/pokeathlon-discussion-and-records.529378/,Western countries,n,47
RaichuArcanine,423,,,,,30/07/2011,https://forums.serebii.net/threads/pokeathlon-discussion-and-records.529378/page-2,Western countries,n,48
“GrandMasterAish” !,341,,,,,31/07/2011,https://cyberscore.me.uk/charts/111840,AUS,n,49
Acquarelle,452,,,,,08/08/2011,https://forums.serebii.net/threads/pokeathlon-discussion-and-records.529378/page-2,Western countries,n,50
TotalPotato,451,,,,,09/08/2011,https://forums.serebii.net/threads/pokeathlon-discussion-and-records.529378/page-2,Western countries,n,51
Angeltripper,419,,,,,14/08/2011,https://forums.serebii.net/threads/pokeathlon-discussion-and-records.529378/page-2,Western countries,n,52
Nintendofreak2245,472,,,,,19/08/2011,https://cyberscore.me.uk/charts/111822,US,n,53
lolrandomnojoke,440,,,,,30/08/2011,https://www.youtube.com/watch?v=Kq5YtVeBlE0,Western countries,y,54
Angusman69,459,,,,,04/09/2011,https://www.neoseeker.com/forums/44117/t1557977-pokeathlon-high-scores/,Western countries,n,55
disposable_heroes,440,,,,,25/09/2011,https://forums.serebii.net/threads/pokeathlon-discussion-and-records.529378/page-2,Western countries,n,56
dragon35,452,,,,,26/09/2011,https://forums.serebii.net/threads/pokeathlon-discussion-and-records.529378/page-2,Western countries,n,57
Andrew Reuter,466,136,133,136,61,12/10/2011,https://www.youtube.com/watch?v=Lv4cF3Qrl8M,Western countries,y,58
Ausgirl,429,132,128,113,56,16/10/2011,https://forums.serebii.net/threads/pokeathlon-discussion-and-records.529378/page-2,Western countries,n,59
zapteryx,471,,,,,27/10/2011,https://forums.serebii.net/threads/pokeathlon-discussion-and-records.529378/page-4,Western countries,n,60
ballistic Buizel,460,,,,,11/11/2011,https://forums.serebii.net/threads/pokeathlon-discussion-and-records.529378/page-4,Western countries,n,61
PokePoindexter,476,,,,,17/11/2011,https://projectpokemon.org/home/forums/topic/11171-record-for-the-pokeathlon/,Western countries,n,62
silver-sponge,402,,,,,19/11/2011,https://www.videogamesrecords.net/en/pok%C3%A9athlon-game-g2166/pok%C3%A9athlon-group-g7722/course-jump-chart-c137949/index,France,n,63
yeminied,,,,,,08/12/2011,https://forums.serebii.net/threads/pokeathlon-discussion-and-records.529378/page-5,Western countries,n,64
Volcaronick,416,,,,,28/12/2011,https://forums.serebii.net/threads/pokeathlon-discussion-and-records.529378/page-3,western countries,n,65
Volcaronick,433,,,,,19/01/2012,https://forums.serebii.net/threads/pokeathlon-discussion-and-records.529378/page-3,western countries,n,66
ChaosZero_CDC,468,,,,,14/02/2012,https://forums.serebii.net/threads/pokeathlon-discussion-and-records.529378/page-3,western countries,n,67
Chimecho3000,468,,,,,07/03/2012,https://forums.serebii.net/threads/pokeathlon-discussion-and-records.529378/page-3,western countries,n,68
Lord Fighting ,431,,,,,22/03/2012,https://forums.serebii.net/threads/pokeathlon-discussion-and-records.529378/page-3,western countries,n,69
Lechanceux,458,,,,,04/04/2012,https://www.videogamesrecords.net/en/pok%C3%A9athlon-game-g2166/pok%C3%A9athlon-group-g7722/course-jump-chart-c137949/index,France,n,70
alexnag,460,,,,,14/04/2012,https://www.neoseeker.com/forums/44116/t1523114-pokeathlon-records/4.htm,Western countries,n,71
Snowden,468,,,,,10/05/2012,https://forums.serebii.net/threads/pokeathlon-discussion-and-records.529378/page-3,western countries,n,72
Tiigon,439,,,,,14/06/2012,https://www.videogamesrecords.net/en/pok%C3%A9athlon-game-g2166/pok%C3%A9athlon-group-g7722/course-jump-chart-c137949/index,Finland,n,73
[CA.fr]pkaddict58,451,145,131,117,58,08/07/2012,https://www.videogamesrecords.net/en/pok%C3%A9athlon-game-g2166/pok%C3%A9athlon-group-g7722/course-jump-chart-c137949/index,France,y,74
mugeli,397,,,,,10/08/2012,https://cyberscore.me.uk/charts/111833,FIN,n,75
DAMN.,460,,,,,24/12/2012,https://forum.pokemonmillennium.net/topic/5754-record-pok%C3%A9athlon/,Italy,n,76
xAlien95,456,,,,,24/12/2012,https://forum.pokemonmillennium.net/topic/5754-record-pok%C3%A9athlon/,Italy,n,77
Axelf,408,,,,,24/12/2012,https://forum.pokemonmillennium.net/topic/5754-record-pok%C3%A9athlon/,Italy,n,78
Krisi,463,,,,,28/01/2013,https://www.videogamesrecords.net/en/pok%C3%A9athlon-game-g2166/pok%C3%A9athlon-group-g7722/course-jump-chart-c137949/index,Hungary,n,79
Carby,460,,,,,05/03/2013,https://www.videogamesrecords.net/en/pok%C3%A9athlon-game-g2166/pok%C3%A9athlon-group-g7722/course-jump-chart-c137949/index,France,n,80
[CA.fr]GiraPrimal,462,,,,,03/04/2013,https://www.videogamesrecords.net/en/pok%C3%A9athlon-game-g2166/pok%C3%A9athlon-group-g7722/course-jump-chart-c137949/index,France,n,81
Eetu247,419,,,,,06/04/2013,https://www.videogamesrecords.net/en/pok%C3%A9athlon-game-g2166/pok%C3%A9athlon-group-g7722/course-jump-chart-c137949/index,Finland,n,82
Minccinostopaz,419,,,,,27/04/2013,https://projectpokemon.org/home/forums/topic/11171-record-for-the-pokeathlon/,Western countries,n,83
SabreNightmare,309,,,,,21/05/2013,https://cyberscore.me.uk/charts/111841,UK,n,84
[B2H]Basile,464,,,,,01/06/2013,https://www.videogamesrecords.net/en/pok%C3%A9athlon-game-g2166/pok%C3%A9athlon-group-g7722/course-jump-chart-c137949/index,France,n,85
"Lennert ""SaimeZX""",440,130,119,122,69,07/02/2014,https://cyberscore.me.uk/charts/111829,BGM,y,86
zaldor,381,,,,,19/02/2014,https://cyberscore.me.uk/charts/111835,NOR,n,87
BielR3,439,,,,,20/05/2014,https://cyberscore.me.uk/charts/111831,SPA,n,88
JustSayingHi,465,,,,,19/07/2014,https://www.neoseeker.com/forums/44116/t1523114-pokeathlon-records/1.htm,Western countries,n,89
u/AirMan121,458,124,127,125,82,24/07/2014,https://www.reddit.com/r/pokemon/comments/2bmjh8/pokeathlon_world_record_thread/,Western countries,y,90
u/Kingofawesomenes,451,136,130,134,51,24/07/2014,https://www.reddit.com/r/pokemon/comments/2bmjh8/pokeathlon_world_record_thread/,Western countries,y,91
LarXeneUS13,383,,,,,06/01/2015,https://www.videogamesrecords.net/en/pok%C3%A9athlon-game-g2166/pok%C3%A9athlon-group-g7722/course-jump-chart-c137949/index,France,n,92
333609543,438,,,,,20/03/2015,https://www.neoseeker.com/forums/44116/t1523114-pokeathlon-records/1.htm,Western countries,n,93
Lyto,471,153,123,138,57,05/06/2015,https://cyberscore.me.uk/charts/111823,UK,y,94
Astragazert,442,,,,,18/08/2015,https://cyberscore.me.uk/charts/111828,US,n,95
mathfreak231,481,137,134,133,77,29/09/2015,https://www.videogamesrecords.net/en/pok%C3%A9athlon-game-g2166/pok%C3%A9athlon-group-g7722/course-jump-chart-c137949/index,United States of America,y,96
mathfreak321,495,158,136,140,61,01/11/2015,https://cyberscore.me.uk/charts/111819,US,y,97
[DS]ScaryDodge,379,,,,,24/04/2016,https://www.videogamesrecords.net/en/pok%C3%A9athlon-game-g2166/pok%C3%A9athlon-group-g7722/course-jump-chart-c137949/index,Portugal,n,98
PurpleOstrich47,455,146,132,114,63,29/07/2016,https://cyberscore.me.uk/charts/111827,US,y,99
[B2H]Kanbei,397,,,,,01/05/2017,https://www.videogamesrecords.net/en/pok%C3%A9athlon-game-g2166/pok%C3%A9athlon-group-g7722/course-jump-chart-c137949/index,Monaco,n,100
u/BANTAvgc,483,150,115,138,65,29/10/2017,https://www.reddit.com/r/pokemon/comments/79ird5/pokeathlon_world_records/,Western countries,y,101
u/RBGolbat,461,147,134,117,63,30/10/2017,https://www.reddit.com/r/pokemon/comments/79ird5/pokeathlon_world_records/,Western countries,y,102
Linke,468,,,,,22/12/2017,https://www.videogamesrecords.net/en/pok%C3%A9athlon-game-g2166/pok%C3%A9athlon-group-g7722/course-jump-chart-c137949/index,Australia,n,103
nnmn,420,,,,,26/02/2018,https://cyberscore.me.uk/charts/111832,US,n,104
itachi55,464,,,,,05/01/2019,https://cyberscore.me.uk/charts/111825,France,n,105
Alessio954,482,142,132,130,78,08/05/2019,https://cyberscore.me.uk/charts/111821,Italy,y,106
[FS]Thebestsilver7,395,136,99,108,52,21/05/2020,https://www.videogamesrecords.net/en/pok%C3%A9athlon-game-g2166/pok%C3%A9athlon-group-g7722/course-jump-chart-c137949/index,Spain,y,107
hotdogturtle,550,174,135,139,102,03/03/2021,https://www.youtube.com/watch?v=xWSzJaWbYNY,US,y,108
Magiclapras”,359,,,,,02/06/2021,https://cyberscore.me.uk/charts/111839,AUS,n,109
hfactor66,531,171,133,138,89,04/06/2021,https://cyberscore.me.uk/charts/111817,US,y,110
FlamezOfGamez,471,138,129,144,60,03/08/2021,https://cyberscore.me.uk/charts/111824,US,y,111
Thebestsilver7,395,136,99,108,52,25/01/2022,https://cyberscore.me.uk/charts/111834,SPA,y,112
u/MarsAdept,469,,,,,27/01/2022,https://www.reddit.com/r/pokemon/comments/sdqm0o/highest_scores_in_the_pokeathlon/,Western countries,n,113
u/Wrong_Owl,460,141,134,122,63,15/05/2022,https://www.reddit.com/r/pokemon/comments/sdqm0o/highest_scores_in_the_pokeathlon/,Western countries,n,114
u/YouMayNotKnowMeNow,477,152,135,139,51,01/08/2022,https://www.reddit.com/r/pokemon/comments/sdqm0o/highest_scores_in_the_pokeathlon/,Western countries,y,115
Megane,489,150,126,139,74,18/09/2022,https://megane0924.blog.jp/archives/47518542.html,Japan,y,116
“955561976”,373,,,,,27/02/2023,https://cyberscore.me.uk/charts/111837,ENG,n,117
Maty,495,,,,,05/01/2024,https://www.smogon.com/forums/threads/pok%C3%A9athlon-records.3715012/?utm_source=chatgpt.com,,n,118
BeafCultist,488,148,137,138,65,06/01/2024,https://cyberscore.me.uk/charts/111820,US,y,119
Linke,498,148,133,147,70,17/09/2024,https://cyberscore.me.uk/charts/111818,AUS,y,120
u/BigCheeseNaan,452,132,134,130,56,13/10/2024,https://www.reddit.com/r/pokemon/comments/79ird5/pokeathlon_world_records/,France,y,121
PiplupHG,456,,,,,28/12/2024,https://discord.com,italy,y,122
PiplupSS,461,,,,,28/12/2024,https://discord.com,Italy,y,123