Player,Total Score,Snow Throw,Goal Roll,Pennant Capture,Bonus points,Date,Link,Country,Photo,Colonna 1
SkyHippowdon,366,96,120,66,84,17/09/2009,https://www.youtube.com/watch?v=Ji4ZWR5aRiU,Japan,y,2
hatena2,540,200,145,123,72,22/10/2009,https://suimidori.hatenablog.jp/entry/31045674,Japan,n,3
ranbapkm,601,195,195,123,88,07/12/2009,http://ranbapkmn.blog85.fc2.com/blog-entry-99.html,Japan,n,4
shayminguy7,512,,,,,02/04/2010,https://gamefaqs.gamespot.com/boards/960099-pokemon-heartgold-version/54194139,Western countries,n,5
hotdogturtle,544,,,,,04/04/2010,https://gamefaqs.gamespot.com/boards/960099-pokemon-heartgold-version/54194139?page=2,Western countries,n,6
pikaby,476,,,,,04/04/2010,https://www.youtube.com/watch?v=x9v31tg6TqI,Japan,y,7
NESKamikaze,552,,,,,12/04/2010,https://www.supercheats.com/nintendods/walkthroughs/pokemonsoulsilver-walkthrough07.txt,Western countries,n,8
Ayenamae,507,,,,,12/04/2010,https://www.supercheats.com/nintendods/walkthroughs/pokemonsoulsilver-walkthrough07.txt,Western countries,n,9
Joshua,476,,,,,12/04/2010,https://www.supercheats.com/nintendods/walkthroughs/pokemonsoulsilver-walkthrough07.txt,Western countries,n,10
elpierrot17,418,,,,,12/04/2010,https://www.videogamesrecords.net/en/pok%C3%A9athlon-game-g2166/pok%C3%A9athlon-group-g7722/course-skill-chart-c137947/index,France,n,11
Basile,531,200,130,105,96,13/04/2010,https://www.videogamesrecords.net/en/pok%C3%A9athlon-game-g2166/pok%C3%A9athlon-group-g7722/course-skill-chart-c137947/index,France,y,12
daft.moustik,514,,,,,13/04/2010,https://www.videogamesrecords.net/en/pok%C3%A9athlon-game-g2166/pok%C3%A9athlon-group-g7722/course-skill-chart-c137947/index,France,n,13
PIERREL05,364,,,,,13/04/2010,https://www.videogamesrecords.net/en/pok%C3%A9athlon-game-g2166/pok%C3%A9athlon-group-g7722/course-skill-chart-c137947/index,France,n,14
Joujou-Michael,576,,,,,20/04/2010,https://www.videogamesrecords.net/en/pok%C3%A9athlon-game-g2166/pok%C3%A9athlon-group-g7722/course-skill-chart-c137947/index,France,n,15
Darkabe,340,,,,,08/05/2010,https://www.videogamesrecords.net/en/pok%C3%A9athlon-game-g2166/pok%C3%A9athlon-group-g7722/course-skill-chart-c137947/index,Belgium,n,16
NassaDane,506,,,,,16/05/2010,https://gamefaqs.gamespot.com/boards/960099-pokemon-heartgold-version/54800054,Western countries,n,17
hatena2,578,200,175,120,83,21/05/2010,https://suimidori.hatenablog.jp/entry/33138404,Japan,n,18
Eon80,549,,,,,19/06/2010,https://www.neoseeker.com/forums/44117/t1543700-my-pokeathlon-guide/,Western countries,n,19
Chaos Team,463,,,,,19/06/2010,https://www.neoseeker.com/forums/44117/t1543700-my-pokeathlon-guide/,Western countries,n,20
ash300383,402,138,120,93,51,23/07/2010,https://www.neoseeker.com/forums/44117/t1557977-pokeathlon-high-scores/,Western countries,n,21
PyrosAWX,537,,,,,14/08/2010,https://www.videogamesrecords.net/en/pok%C3%A9athlon-game-g2166/pok%C3%A9athlon-group-g7722/course-skill-chart-c137947/index,France,n,22
BlackShark,396,,,,,22/08/2010,https://www.videogamesrecords.net/en/pok%C3%A9athlon-game-g2166/pok%C3%A9athlon-group-g7722/course-skill-chart-c137947/index,France,n,23
Boullu,347,,,,,24/08/2010,https://www.videogamesrecords.net/en/pok%C3%A9athlon-game-g2166/pok%C3%A9athlon-group-g7722/course-skill-chart-c137947/index,France,y,24
m251,475,,,,,28/08/2010,https://www.videogamesrecords.net/en/pok%C3%A9athlon-game-g2166/pok%C3%A9athlon-group-g7722/course-skill-chart-c137947/index,France,n,25
PsychoMugetsu,562,,,,,04/09/2010,https://www.neoseeker.com/forums/44117/t1557977-pokeathlon-high-scores/,Western countries,n,26
CrystalDragon,346,,,,,05/09/2010,https://www.neoseeker.com/forums/44117/t1557977-pokeathlon-high-scores/,Western countries,n,27
bond007106,530,,,,,30/09/2010,https://www.neoseeker.com/forums/44117/t1557977-pokeathlon-high-scores/,Western countries,n,28
King j,584,,,,,05/10/2010,https://www.youtube.com/watch?v=n8zbXumsjkA,Western countries,y,29
eeci,579,,,,,12/10/2010,https://www.neoseeker.com/forums/44116/t1523114-pokeathlon-records/3.htm,Western countries,n,30
jacob0057,417,,,,,10/12/2010,https://www.neoseeker.com/forums/44116/t1523114-pokeathlon-records/3.htm,Western countries,n,31
eeci,590,200,190,141,59,12/12/2010,https://www.neoseeker.com/forums/44116/t1523114-pokeathlon-records/3.htm,Western countries,n,32
“Magiclapras”,314,,,,,02/01/2011,https://cyberscore.me.uk/games/864,,n,33
Hikaru,522,180,130,120,92,20/01/2011,https://plaza.rakuten.co.jp/ginnohikari/7003/,Japan,n,34
ShinySephiroth,577,,,,,14/02/2011,https://projectpokemon.org/home/forums/topic/11171-record-for-the-pokeathlon/,Western countries,n,35
“glukkers”,455,,,,,16/02/2011,https://cyberscore.me.uk/games/864,,n,36
Sunny Day,553,,,,,06/03/2011,https://projectpokemon.org/home/forums/topic/11171-record-for-the-pokeathlon/,Western countries,n,37
Dominitzk,382,,,,,14/03/2011,https://cyberscore.me.uk/games/864,,n,38
Yoshi55,501,200,140,105,56,20/03/2011,https://www.videogamesrecords.net/en/pok%C3%A9athlon-game-g2166/pok%C3%A9athlon-group-g7722/course-skill-chart-c137947/index,France,y,39
Lechanceux,462,144,120,135,63,02/04/2011,https://www.videogamesrecords.net/en/pok%C3%A9athlon-game-g2166/pok%C3%A9athlon-group-g7722/course-skill-chart-c137947/index,France,y,40
guest,541,195,150,114,82,09/04/2011,https://www.neoseeker.com/forums/44116/t1523114-pokeathlon-records/3.htm,Western countries,n,41
taib,554,,,,,15/04/2011,https://gamefaqs.gamespot.com/ds/960100-pokemon-soulsilver-version/faqs/59454,Western countries,n,42
KeyBlade999,553,,,,,15/04/2011,https://gamefaqs.gamespot.com/ds/960100-pokemon-soulsilver-version/faqs/59454,Western countries,n,43
jacobthepokemonfreak,516,,,,,28/07/2011,https://forums.serebii.net/threads/pokeathlon-discussion-and-records.529378/,Western countries,n,44
RaichuArcanine,423,,,,,30/07/2011,https://forums.serebii.net/threads/pokeathlon-discussion-and-records.529378/page-2,Western countries,n,45
“GrandMasterAish” !,273,,,,,31/07/2011,https://cyberscore.me.uk/games/864,,n,46
Acquarelle,378,,,,,08/08/2011,https://forums.serebii.net/threads/pokeathlon-discussion-and-records.529378/page-2,Western countries,n,47
TotalPotato,422,,,,,09/08/2011,https://forums.serebii.net/threads/pokeathlon-discussion-and-records.529378/page-2,Western countries,n,48
Angeltripper,420,,,,,14/08/2011,https://forums.serebii.net/threads/pokeathlon-discussion-and-records.529378/page-2,Western countries,n,49
Angeltripper,510,,,,,15/08/2011,https://forums.serebii.net/threads/pokeathlon-discussion-and-records.529378/page-2,Western countries,n,50
“Nintendofreak2245”,540,,,,,19/08/2011,https://cyberscore.me.uk/games/864,,n,51
lolrandomnojoke,444,,,,,30/08/2011,https://www.youtube.com/watch?v=Kq5YtVeBlE0,Western countries,y,52
Angusman69,590,,,,,04/09/2011,https://www.neoseeker.com/forums/44117/t1557977-pokeathlon-high-scores/,Western countries,n,53
disposable_heroes,492,,,,,25/09/2011,https://forums.serebii.net/threads/pokeathlon-discussion-and-records.529378/page-2,Western countries,n,54
dragon35,500,,,,,26/09/2011,https://forums.serebii.net/threads/pokeathlon-discussion-and-records.529378/page-2,Western countries,n,55
Andrew Reuter,580,200,165,141,74,12/10/2011,https://www.youtube.com/watch?v=Lv4cF3Qrl8M,Western countries,y,56
Ausgirl,403,105,125,108,65,16/10/2011,https://forums.serebii.net/threads/pokeathlon-discussion-and-records.529378/page-2,Western countries,n,57
zapteryx,525,,,,,27/10/2011,https://forums.serebii.net/threads/pokeathlon-discussion-and-records.529378/page-4,Western countries,n,58
ballistic Buizel,390,,,,,11/11/2011,https://forums.serebii.net/threads/pokeathlon-discussion-and-records.529378/page-4,Western countries,n,59
PokePoindexter,499,,,,,17/11/2011,https://projectpokemon.org/home/forums/topic/11171-record-for-the-pokeathlon/,Western countries,n,60
silver-sponge,340,,,,,19/11/2011,https://www.videogamesrecords.net/en/pok%C3%A9athlon-game-g2166/pok%C3%A9athlon-group-g7722/course-skill-chart-c137947/index,France,n,61
yeminied,493,,,,,08/12/2011,https://forums.serebii.net/threads/pokeathlon-discussion-and-records.529378/page-5,Western countries,n,62
Volcaronick,435,,,,,28/12/2011,https://forums.serebii.net/threads/pokeathlon-discussion-and-records.529378/page-3,western countries,n,63
ChaosZero_CDC,563,,,,,14/02/2012,https://forums.serebii.net/threads/pokeathlon-discussion-and-records.529378/page-3,western countries,n,64
Chimecho3000,562,,,,,07/03/2012,https://forums.serebii.net/threads/pokeathlon-discussion-and-records.529378/page-3,western countries,n,65
Lord Fighting ,457,,,,,22/03/2012,https://forums.serebii.net/threads/pokeathlon-discussion-and-records.529378/page-3,western countries,n,66
alexnag,499,,,,,14/04/2012,https://www.neoseeker.com/forums/44116/t1523114-pokeathlon-records/4.htm,Western countries,n,67
Snowden,577,,,,,10/05/2012,https://forums.serebii.net/threads/pokeathlon-discussion-and-records.529378/page-3,western countries,n,68
Tiigon,479,,,,,14/06/2012,https://www.videogamesrecords.net/en/pok%C3%A9athlon-game-g2166/pok%C3%A9athlon-group-g7722/course-skill-chart-c137947/index,Finland,n,69
pkaddict58,552,200,155,114,83,08/07/2012,https://www.videogamesrecords.net/en/pok%C3%A9athlon-game-g2166/pok%C3%A9athlon-group-g7722/course-skill-chart-c137947/index,France,y,70
Kisialos,550,200,135,132,83,04/08/2012,https://www.videogamesrecords.net/en/pok%C3%A9athlon-game-g2166/pok%C3%A9athlon-group-g7722/course-skill-chart-c137947/index,France,y,71
“Mugeli”,278,,,,,12/08/2012,https://cyberscore.me.uk/games/864,,n,72
DAMN.,553,,,,,24/12/2012,https://forum.pokemonmillennium.net/topic/5754-record-pok%C3%A9athlon/,Italy,n,73
xAlien95,488,,,,,24/12/2012,https://forum.pokemonmillennium.net/topic/5754-record-pok%C3%A9athlon/,Italy,n,74
Axelf,483,,,,,24/12/2012,https://forum.pokemonmillennium.net/topic/5754-record-pok%C3%A9athlon/,Italy,n,75
Krisi,551,,,,,28/01/2013,https://www.videogamesrecords.net/en/pok%C3%A9athlon-game-g2166/pok%C3%A9athlon-group-g7722/course-skill-chart-c137947/index,Hungary,n,76
Carby,536,,,,,05/03/2013,https://www.videogamesrecords.net/en/pok%C3%A9athlon-game-g2166/pok%C3%A9athlon-group-g7722/course-skill-chart-c137947/index,France,n,77
GiraPrimal,572,,,,,03/04/2013,https://www.videogamesrecords.net/en/pok%C3%A9athlon-game-g2166/pok%C3%A9athlon-group-g7722/course-skill-chart-c137947/index,France,n,78
Eetu247,395,,,,,06/04/2013,https://www.videogamesrecords.net/en/pok%C3%A9athlon-game-g2166/pok%C3%A9athlon-group-g7722/course-skill-chart-c137947/index,Finland,n,79
Minccinostopaz,492,,,,,27/04/2013,https://projectpokemon.org/home/forums/topic/11171-record-for-the-pokeathlon/,Western countries,n,80
“SabreNightmare”,309,,,,,21/05/2013,https://cyberscore.me.uk/games/864,,n,81
“zaldor”,342,,,,,19/02/2014,https://cyberscore.me.uk/games/864,,n,82
JustSayingHi,569,,,,,19/07/2014,https://www.neoseeker.com/forums/44116/t1523114-pokeathlon-records/1.htm,Western countries,n,83
u/Kingofawesomenes,571,200,175,117,79,24/07/2014,https://www.reddit.com/r/pokemon/comments/2bmjh8/pokeathlon_world_record_thread/,Western countries,y,84
“Pokemonmaster888”,479,159,155,102,63,14/12/2014,https://cyberscore.me.uk/games/864,,y,85
“hfactor66”,540,,,,,28/01/2015,https://cyberscore.me.uk/games/864,,y,86
333609543,492,,,,,20/03/2015,https://www.neoseeker.com/forums/44116/t1523114-pokeathlon-records/1.htm,Western countries,n,87
LarXeneUS13,470,,,,,28/05/2015,https://www.videogamesrecords.net/en/pok%C3%A9athlon-game-g2166/pok%C3%A9athlon-group-g7722/course-skill-chart-c137947/index,France,n,88
“Lyto”,525,200,170,90,65,05/06/2015,https://cyberscore.me.uk/games/864,,y,89
Alex “mathfreak231” B,582,200,175,150,57,06/06/2015,https://cyberscore.me.uk/games/864,,y,90
“Astragazer”,508,,,,,18/08/2015,https://cyberscore.me.uk/games/864,,n,91
mathfreak231,582,200,175,150,57,29/09/2015,https://www.videogamesrecords.net/en/pok%C3%A9athlon-game-g2166/pok%C3%A9athlon-group-g7722/course-skill-chart-c137947/index,United States of America,y,92
ScaryDodge,382,,,,,24/04/2016,https://www.videogamesrecords.net/en/pok%C3%A9athlon-game-g2166/pok%C3%A9athlon-group-g7722/course-skill-chart-c137947/index,Portugal,n,93
“PurpleOstrich47”,586,200,175,117,94,29/07/2016,https://cyberscore.me.uk/games/864,,y,94
Kanbei,421,,,,,01/05/2017,https://www.videogamesrecords.net/en/pok%C3%A9athlon-game-g2166/pok%C3%A9athlon-group-g7722/course-skill-chart-c137947/index,Monaco,n,95
Lennert “SaimeZX”,465,200,150,69,46,30/06/2017,https://cyberscore.me.uk/games/864,,y,96
u/BANTAVGC,539,200,140,150,49,29/10/2017,https://www.reddit.com/r/pokemon/comments/79ird5/pokeathlon_world_records/,Western countries,y,97
u/RBGolbat,578,190,135,53,200,30/10/2017,https://www.reddit.com/r/pokemon/comments/79ird5/pokeathlon_world_records/,Western countries,y,98
Linke,576,,,,,22/12/2017,https://www.videogamesrecords.net/en/pok%C3%A9athlon-game-g2166/pok%C3%A9athlon-group-g7722/course-skill-chart-c137947/index,Australia,n,99
Noble “nnmn” Prize,476,,,,,26/02/2018,https://cyberscore.me.uk/games/864,,n,100
“Alessio954”,567,200,130,132,105,08/05/2019,https://cyberscore.me.uk/games/864,,y,101
Thebestsilver7,311,66,115,81,49,21/05/2020,https://www.videogamesrecords.net/en/pok%C3%A9athlon-game-g2166/pok%C3%A9athlon-group-g7722/course-skill-chart-c137947/index,Spain,y,102
hotdogturtle,600,200,170,144,86,04/03/2021,https://cyberscore.me.uk/games/864,,y,103
“FlamezOfGamez”,575,192,175,135,73,22/07/2021,https://cyberscore.me.uk/games/864,,y,104
“Thebestsilver7”,311,66,115,81,49,25/01/2022,https://cyberscore.me.uk/games/864,,y,105
u/MarsAdept,,,,,,27/01/2022,https://www.reddit.com/r/pokemon/comments/sdqm0o/highest_scores_in_the_pokeathlon/,Western countries,n,106
u/Wrong_Owl,510,165,155,99,91,15/05/2022,https://www.reddit.com/r/pokemon/comments/sdqm0o/highest_scores_in_the_pokeathlon/,Western countries,n,107
u/YouMayNotKnowMeNow,602,200,160,162,80,01/08/2022,https://www.reddit.com/r/pokemon/comments/sdqm0o/highest_scores_in_the_pokeathlon/,Western countries,y,108
Megane,572,195,180,132,65,18/09/2022,https://megane0924.blog.jp/archives/47518542.html,Japan,y,109
Megane,611,200,200,126,85,08/10/2022,https://megane0924.blog.jp/archives/47518542.html,Japan,y,110
Linke,617,200,180,132,105,11/10/2022,https://cyberscore.me.uk/games/864,,y,111
BeafCultist,606,200,195,135,76,06/01/2024,https://cyberscore.me.uk/games/864,,y,112
u/BigCheeseNaan,586,200,185,132,69,13/10/2024,https://www.reddit.com/r/pokemon/comments/79ird5/pokeathlon_world_records/,France,y,113
PiplupSS,569,,,,,28/12/2024,https://discord.com,Italy,y,
PiplupHG,536,,,,,28/12/2024,https://discord.com,italy,y,
PokeathlonEnjoyer,604,200,190,132,82,26/07/2025,https://pokeathlonhub.github.io/courses/skill.html,,y,