Player,Total Score,Block Smash,Circle Push,Goal Roll,Bonus points,Date,Link,Country,Photo,Colonna 1
SkyHippowdon,394,67,93,160,74,17/09/2009,https://www.youtube.com/watch?v=Ji4ZWR5aRiU,Japan,y,2
hatena2,484,110,105,185,84,22/10/2009,https://suimidori.hatenablog.jp/entry/31045674,Japan,n,3
ranbapkm,548,132,198,140,78,07/12/2009,http://ranbapkmn.blog85.fc2.com/blog-entry-99.html,Japan,n,4
shayminguy7,505,,,,,02/04/2010,https://gamefaqs.gamespot.com/boards/960099-pokemon-heartgold-version/54194139,Western countries,n,5
Nerdrowwilson,533,,,,,04/04/2010,https://gamefaqs.gamespot.com/boards/960099-pokemon-heartgold-version/54194139?page=2,Western countries,n,6
pikaby,471,,,,,04/04/2010,https://www.youtube.com/watch?v=x9v31tg6TqI,Japan,y,7
NESKamikaze,527,,,,,12/04/2010,https://www.supercheats.com/nintendods/walkthroughs/pokemonsoulsilver-walkthrough07.txt,Western countries,n,8
Metagross_386,524,,,,,12/04/2010,https://www.supercheats.com/nintendods/walkthroughs/pokemonsoulsilver-walkthrough07.txt,Western countries,n,9
Ayenamae,507,,,,,12/04/2010,https://www.supercheats.com/nintendods/walkthroughs/pokemonsoulsilver-walkthrough07.txt,Western countries,n,10
daft.moustik,454,,,,,12/04/2010,https://www.videogamesrecords.net/en/pok%C3%A9athlon-game-g2166/pok%C3%A9athlon-group-g7722/course-power-chart-c137946/index,France,n,11
elpierrot17,398,,,,,12/04/2010,https://www.videogamesrecords.net/en/pok%C3%A9athlon-game-g2166/pok%C3%A9athlon-group-g7722/course-power-chart-c137946/index,France,n,12
CiaraJansonFan,221,,,,,12/04/2010,https://www.videogamesrecords.net/en/pok%C3%A9athlon-game-g2166/pok%C3%A9athlon-group-g7722/course-power-chart-c137946/index,United Kingdom,n,13
PIERREL05,412,,,,,13/04/2010,https://www.videogamesrecords.net/en/pok%C3%A9athlon-game-g2166/pok%C3%A9athlon-group-g7722/course-power-chart-c137946/index,France,n,14
Basile,491,118,165,130,78,16/04/2010,https://www.videogamesrecords.net/en/pok%C3%A9athlon-game-g2166/pok%C3%A9athlon-group-g7722/course-power-chart-c137946/index,France,y,15
Joujou-Michael,540,,,,,20/04/2010,https://www.videogamesrecords.net/en/pok%C3%A9athlon-game-g2166/pok%C3%A9athlon-group-g7722/course-power-chart-c137946/index,France,n,16
Darkabe,334,,,,,08/05/2010,https://www.videogamesrecords.net/en/pok%C3%A9athlon-game-g2166/pok%C3%A9athlon-group-g7722/course-power-chart-c137946/index,Belgium,n,17
NassaDane,474,,,,,16/05/2010,https://gamefaqs.gamespot.com/boards/960099-pokemon-heartgold-version/54800054,Western countries,n,18
hatena2,512,107,183,150,72,21/05/2010,https://suimidori.hatenablog.jp/entry/33138404,Japan,n,19
Eon80,545,,,,,19/06/2010,https://www.neoseeker.com/forums/44117/t1543700-my-pokeathlon-guide/,Western countries,n,20
Chaos Team,495,,,,,19/06/2010,https://www.neoseeker.com/forums/44117/t1543700-my-pokeathlon-guide/,Western countries,n,21
ash300383,452,100,162,120,70,23/07/2010,https://www.neoseeker.com/forums/44117/t1557977-pokeathlon-high-scores/,Western countries,n,22
“Pokemonmaster888”,467,130,135,135,67,01/08/2010,https://cyberscore.me.uk/charts/111816,,y,23
PyrosAWX,468,,,,,04/08/2010,https://www.videogamesrecords.net/en/pok%C3%A9athlon-game-g2166/pok%C3%A9athlon-group-g7722/course-power-chart-c137946/index,France,n,24
BlackShark,539,,,,,22/08/2010,https://www.videogamesrecords.net/en/pok%C3%A9athlon-game-g2166/pok%C3%A9athlon-group-g7722/course-power-chart-c137946/index,France,n,25
Boullu,411,90,138,65,76,24/08/2010,https://www.videogamesrecords.net/en/pok%C3%A9athlon-game-g2166/pok%C3%A9athlon-group-g7722/course-power-chart-c137946/index,France,y,26
m251,451,,,,,28/08/2010,https://www.videogamesrecords.net/en/pok%C3%A9athlon-game-g2166/pok%C3%A9athlon-group-g7722/course-power-chart-c137946/index,France,n,27
PsychoMugetsu,567,,,,,04/09/2010,https://www.neoseeker.com/forums/44117/t1557977-pokeathlon-high-scores/,Western countries,n,28
CrystalDragon,454,,,,,05/09/2010,https://www.neoseeker.com/forums/44117/t1557977-pokeathlon-high-scores/,Western countries,n,29
bond007106,492,,,,,30/09/2010,https://www.neoseeker.com/forums/44117/t1557977-pokeathlon-high-scores/,Western countries,n,30
King j,510,,,,,05/10/2010,https://www.youtube.com/watch?v=n8zbXumsjkA,Western countries,y,31
eeci,511,,,,,12/10/2010,https://www.neoseeker.com/forums/44116/t1523114-pokeathlon-records/3.htm,Western countries,n,32
jacob0057,377,,,,,10/12/2010,https://www.neoseeker.com/forums/44116/t1523114-pokeathlon-records/3.htm,Western countries,n,33
eeci,570,140,198,185,47,12/12/2010,https://www.neoseeker.com/forums/44116/t1523114-pokeathlon-records/3.htm,Western countries,n,34
“Magiclapras”,393,,,,,02/01/2011,https://cyberscore.me.uk/charts/111816,,n,35
Hikaru,508,129,168,120,91,20/01/2011,https://plaza.rakuten.co.jp/ginnohikari/7003/,Japan,n,36
ShinySephiroth,491,,,,,14/02/2011,https://projectpokemon.org/home/forums/topic/11171-record-for-the-pokeathlon/,Western countries,n,37
Dominitzk,427,,,,,17/02/2011,https://cyberscore.me.uk/charts/111816,,n,38
Tanguy,383,,,,,21/02/2011,https://www.videogamesrecords.net/en/pok%C3%A9athlon-game-g2166/pok%C3%A9athlon-group-g7722/course-power-chart-c137946/index,France,n,39
Sunny Day,468,,,,,06/03/2011,https://projectpokemon.org/home/forums/topic/11171-record-for-the-pokeathlon/,Western countries,n,40
“glukkers”,485,,,,,08/03/2011,https://cyberscore.me.uk/charts/111816,,n,41
Yoshi55,486,130,183,125,48,20/03/2011,https://www.videogamesrecords.net/en/pok%C3%A9athlon-game-g2166/pok%C3%A9athlon-group-g7722/course-power-chart-c137946/index,France,y,42
Lechanceux,471,110,189,95,77,02/04/2011,https://www.videogamesrecords.net/en/pok%C3%A9athlon-game-g2166/pok%C3%A9athlon-group-g7722/course-power-chart-c137946/index,France,y,43
guest,501,96,177,155,73,09/04/2011,https://www.neoseeker.com/forums/44116/t1523114-pokeathlon-records/3.htm,Western countries,n,44
taib,545,,,,,15/04/2011,https://gamefaqs.gamespot.com/ds/960100-pokemon-soulsilver-version/faqs/59454,Western countries,n,45
Bwlingaint,529,,,,,15/04/2011,https://gamefaqs.gamespot.com/ds/960100-pokemon-soulsilver-version/faqs/59454,Western countries,n,46
“Bownzinho”,221,,,,,29/05/2011,https://cyberscore.me.uk/charts/111816,,n,47
jacobthepokemonfreak,483,,,,,28/07/2011,https://forums.serebii.net/threads/pokeathlon-discussion-and-records.529378/,Western countries,n,48
RaichuArcanine,442,,,,,30/07/2011,https://forums.serebii.net/threads/pokeathlon-discussion-and-records.529378/page-2,Western countries,n,49
“GrandMasterAish” !,373,,,,,31/07/2011,https://cyberscore.me.uk/charts/111816,,n,50
Acquarelle,441,,,,,08/08/2011,https://forums.serebii.net/threads/pokeathlon-discussion-and-records.529378/page-2,Western countries,n,51
TotalPotato,510,,,,,09/08/2011,https://forums.serebii.net/threads/pokeathlon-discussion-and-records.529378/page-2,Western countries,n,52
Acquarelle,454,,,,,11/08/2011,https://forums.serebii.net/threads/pokeathlon-discussion-and-records.529378/page-2,Western countries,n,53
Angeltripper,510,,,,,14/08/2011,https://forums.serebii.net/threads/pokeathlon-discussion-and-records.529378/page-2,Western countries,n,54
“Nintendofreak2245”,507,,,,,19/08/2011,https://cyberscore.me.uk/charts/111816,,n,55
lolrandomnojoke,440,,,,,30/08/2011,https://www.youtube.com/watch?v=Kq5YtVeBlE0,Western countries,y,56
Angusman69,521,,,,,04/09/2011,https://www.neoseeker.com/forums/44117/t1557977-pokeathlon-high-scores/,Western countries,n,57
disposable_heroes,449,,,,,25/09/2011,https://forums.serebii.net/threads/pokeathlon-discussion-and-records.529378/page-2,Western countries,n,58
dragon35,478,,,,,26/09/2011,https://forums.serebii.net/threads/pokeathlon-discussion-and-records.529378/page-2,Western countries,n,59
Andrew Reuter,511,143,153,135,80,12/10/2011,https://www.youtube.com/watch?v=Lv4cF3Qrl8M,Western countries,y,60
Ausgirl,378,107,126,75,70,16/10/2011,https://forums.serebii.net/threads/pokeathlon-discussion-and-records.529378/page-2,Western countries,n,61
zapteryx,508,,,,,27/10/2011,https://forums.serebii.net/threads/pokeathlon-discussion-and-records.529378/page-2,Western countries,n,62
ballistic Buizel,437,,,,,11/11/2011,https://forums.serebii.net/threads/pokeathlon-discussion-and-records.529378/page-4,Western countries,n,63
PokePoindexter,551,,,,,17/11/2011,https://projectpokemon.org/home/forums/topic/11171-record-for-the-pokeathlon/,Western countries,n,64
silver-sponge,362,,,,,19/11/2011,https://www.videogamesrecords.net/en/pok%C3%A9athlon-game-g2166/pok%C3%A9athlon-group-g7722/course-power-chart-c137946/index,France,n,65
yeminied,433,,,,,08/12/2011,https://forums.serebii.net/threads/pokeathlon-discussion-and-records.529378/page-5,Western countries,n,66
Volcaronick,464,,,,,28/12/2011,https://forums.serebii.net/threads/pokeathlon-discussion-and-records.529378/page-3,western countries,n,67
Volcaronick,508,,,,,19/01/2012,https://forums.serebii.net/threads/pokeathlon-discussion-and-records.529378/page-3,western countries,n,68
ChaosZero_CDC,559,,,,,14/02/2012,https://forums.serebii.net/threads/pokeathlon-discussion-and-records.529378/page-3,western countries,n,69
Chimecho3000,567,,,,,07/03/2012,https://forums.serebii.net/threads/pokeathlon-discussion-and-records.529378/page-3,western countries,n,70
Lord Fighting ,483,,,,,22/03/2012,https://forums.serebii.net/threads/pokeathlon-discussion-and-records.529378/page-3,western countries,n,71
alexnag,483,,,,,14/04/2012,https://www.neoseeker.com/forums/44116/t1523114-pokeathlon-records/4.htm,Western countries,n,72
Snowden,504,,,,,10/05/2012,https://forums.serebii.net/threads/pokeathlon-discussion-and-records.529378/page-3,western countries,n,73
Tiigon,414,,,,,14/06/2012,https://www.videogamesrecords.net/en/pok%C3%A9athlon-game-g2166/pok%C3%A9athlon-group-g7722/course-power-chart-c137946/index,Finland,n,74
pkaddict58,492,100,177,130,85,08/07/2012,https://www.videogamesrecords.net/en/pok%C3%A9athlon-game-g2166/pok%C3%A9athlon-group-g7722/course-power-chart-c137946/index,France,y,75
Kisialos,514,90,183,165,75,04/08/2012,https://www.videogamesrecords.net/en/pok%C3%A9athlon-game-g2166/pok%C3%A9athlon-group-g7722/course-power-chart-c137946/index,France,y,76
“Mugeli”,362,,,,,12/08/2012,https://cyberscore.me.uk/charts/111816,,n,77
DAMN.,515,,,,,24/12/2012,https://forum.pokemonmillennium.net/topic/5754-record-pok%C3%A9athlon/,Italy,n,78
xAlien95,487,,,,,24/12/2012,https://forum.pokemonmillennium.net/topic/5754-record-pok%C3%A9athlon/,Italy,n,79
Axelf,470,,,,,24/12/2012,https://forum.pokemonmillennium.net/topic/5754-record-pok%C3%A9athlon/,Italy,n,80
Krisi,514,,,,,28/01/2013,https://www.videogamesrecords.net/en/pok%C3%A9athlon-game-g2166/pok%C3%A9athlon-group-g7722/course-power-chart-c137946/index,Hungary,n,81
Carby,519,,,,,05/03/2013,https://www.videogamesrecords.net/en/pok%C3%A9athlon-game-g2166/pok%C3%A9athlon-group-g7722/course-power-chart-c137946/index,France,n,82
GiraPrimal,505,,,,,03/04/2013,https://www.videogamesrecords.net/en/pok%C3%A9athlon-game-g2166/pok%C3%A9athlon-group-g7722/course-power-chart-c137946/index,France,n,83
Eetu247,464,,,,,06/04/2013,https://www.videogamesrecords.net/en/pok%C3%A9athlon-game-g2166/pok%C3%A9athlon-group-g7722/course-power-chart-c137946/index,Finland,n,84
Minccinostopaz,444,,,,,27/04/2013,https://projectpokemon.org/home/forums/topic/11171-record-for-the-pokeathlon/,Western countries,n,85
“SabreNightmare”,320,,,,,21/05/2013,https://cyberscore.me.uk/charts/111816,,n,86
“zaldor”,412,,,,,19/02/2014,https://cyberscore.me.uk/charts/111816,,n,87
JustSayingHi,551,,,,,19/07/2014,https://www.neoseeker.com/forums/44116/t1523114-pokeathlon-records/1.htm,Western countries,n,88
u/Kingofawesomenes,544,121,186,160,77,24/07/2014,https://www.reddit.com/r/pokemon/comments/2bmjh8/pokeathlon_world_record_thread/,Western countries,y,89
Lennert “SaimeZX”,507,100,165,160,82,27/07/2014,https://cyberscore.me.uk/charts/111816,,y,90
“hfactor66”,535,111,198,145,81,29/09/2014,https://cyberscore.me.uk/charts/111816,,y,91
“BielR3”,531,,,,,01/11/2014,https://cyberscore.me.uk/charts/111816,,n,92
LarXeneUS13,452,,,,,06/01/2015,https://www.videogamesrecords.net/en/pok%C3%A9athlon-game-g2166/pok%C3%A9athlon-group-g7722/course-power-chart-c137946/index,France,n,93
333609543,518,,,,,20/03/2015,https://www.neoseeker.com/forums/44116/t1523114-pokeathlon-records/1.htm,Western countries,n,94
“Lyto”,508,110,168,170,60,05/06/2015,https://cyberscore.me.uk/charts/111816,,y,95
Alex “mathfreak231” B,580,133,186,180,81,09/07/2015,https://cyberscore.me.uk/charts/111816,,y,96
“Astragazer”,468,,,,,18/08/2015,https://cyberscore.me.uk/charts/111816,,n,97
mathfreak231,,,,,,29/09/2015,https://www.videogamesrecords.net/en/pok%C3%A9athlon-game-g2166/pok%C3%A9athlon-group-g7722/course-power-chart-c137946/index,United States of America,y,98
ScaryDodge,425,,,,,24/04/2016,https://www.videogamesrecords.net/en/pok%C3%A9athlon-game-g2166/pok%C3%A9athlon-group-g7722/course-power-chart-c137946/index,Portugal,n,99
“PurpleOstrich47”,540,140,189,140,71,29/07/2016,https://cyberscore.me.uk/charts/111816,,y,100
hotdogturtle,590,140,198,160,92,23/04/2017,https://cyberscore.me.uk/charts/111816,,y,101
Kanbei,506,,,,,01/05/2017,https://www.videogamesrecords.net/en/pok%C3%A9athlon-game-g2166/pok%C3%A9athlon-group-g7722/course-power-chart-c137946/index,Monaco,n,102
u/BANTAVGC,450,90,144,135,81,29/10/2017,https://www.reddit.com/r/pokemon/comments/79ird5/pokeathlon_world_records/,Western countries,y,103
u/RBGolbat,543,106,198,169,79,30/10/2017,https://www.reddit.com/r/pokemon/comments/79ird5/pokeathlon_world_records/,Western countries,y,104
Linke,557,,,,,22/12/2017,https://www.videogamesrecords.net/en/pok%C3%A9athlon-game-g2166/pok%C3%A9athlon-group-g7722/course-power-chart-c137946/index,Australia,n,105
Noble “nnmn” Prize,433,,,,,26/02/2018,https://cyberscore.me.uk/charts/111816,,n,106
Basile “itachi55”,491,,,,,05/01/2019,https://cyberscore.me.uk/charts/111816,,n,107
“Alessio954”,555,140,177,150,88,08/05/2019,https://cyberscore.me.uk/charts/111816,,y,108
Linke,622,150,198,200,74,19/02/2020,https://cyberscore.me.uk/charts/111816,,y,109
Thebestsilver7,369,,,,,21/05/2020,https://www.videogamesrecords.net/en/pok%C3%A9athlon-game-g2166/pok%C3%A9athlon-group-g7722/course-power-chart-c137946/index,Spain,y,110
Alessandro “Pikalex04” Boi,553,120,198,130,105,11/02/2021,https://cyberscore.me.uk/charts/111816,,y,111
“FlamezOfGamez”,531,130,129,185,87,22/07/2021,https://cyberscore.me.uk/charts/111816,,y,112
“Thebestsilver7”,369,90,138,65,76,25/01/2022,https://cyberscore.me.uk/charts/111816,,y,113
u/MarsAdept,569,,,,,27/01/2022,https://www.reddit.com/r/pokemon/comments/sdqm0o/highest_scores_in_the_pokeathlon/,Western countries,n,114
u/Wrong_Owl,492,98,165,155,74,15/05/2022,https://www.reddit.com/r/pokemon/comments/sdqm0o/highest_scores_in_the_pokeathlon/,Western countries,n,115
u/YouMayNotKnowMeNow,556,115,198,165,78,01/08/2022,https://www.reddit.com/r/pokemon/comments/sdqm0o/highest_scores_in_the_pokeathlon/,Western countries,y,116
Megane,594,150,198,180,66,18/09/2022,https://megane0924.blog.jp/archives/47518542.html,Japan,y,117
Megane,605,117,198,200,90,08/10/2022,https://megane0924.blog.jp/archives/47518542.html,Japan,y,118
“955561976”,339,,,,,27/02/2023,https://cyberscore.me.uk/charts/111816,,n,119
BeafCultist,602,148,198,180,76,06/01/2024,https://cyberscore.me.uk/charts/111816,,y,120
u/BigCheeseNaan,602,150,198,195,59,13/10/2024,https://www.reddit.com/r/pokemon/comments/79ird5/pokeathlon_world_records/,France,y,121
PiplupHG,489,,,,,28/12/2024,https://discord.com,italy,y,
PiplupSS,543,,,,,28/12/2024,https://discord.com,Italy,y,
CS__,653,158,198,195,102,22/08/2025,https://www.smogon.com/forums/threads/pok%C3%A9athlon-records.3715012/page-2,France ,y,