Player,Total Score,Hurdle Dash,Pennant Capture,Relay Run,Bonus points,Date,Link,Country,Photo,Colonna 1
SkyHippowdon,374,117,108,97,52,17/09/2009,https://www.youtube.com/watch?v=Ji4ZWR5aRiU,Japan,y,2
hatena2,457,135,105,164,53,22/10/2009,https://suimidori.hatenablog.jp/entry/31045674,Japan,n,3
ranbapkm,555,133,150,197,75,07/12/2009,http://ranbapkmn.blog85.fc2.com/blog-entry-99.html,Japan,n,4
shayminguy7,463,,,,,02/04/2010,https://gamefaqs.gamespot.com/boards/960099-pokemon-heartgold-version/54194139,Western countries,n,5
hotdogturtle,494,,,,,04/04/2010,https://gamefaqs.gamespot.com/boards/960099-pokemon-heartgold-version/54194139?page=2,Western countries,n,6
pikaby,481,,,,,04/04/2010,https://www.youtube.com/watch?v=x9v31tg6TqI,Japan,y,7
Joshua,524,,,,,12/04/2010,https://www.supercheats.com/nintendods/walkthroughs/pokemonsoulsilver-walkthrough07.txt,Western countries,n,8
NESKamikaze,512,,,,,12/04/2010,https://www.supercheats.com/nintendods/walkthroughs/pokemonsoulsilver-walkthrough07.txt,Western countries,n,9
Ayenamae,500,,,,,12/04/2010,https://www.supercheats.com/nintendods/walkthroughs/pokemonsoulsilver-walkthrough07.txt,Western countries,n,10
[Czn]daft.moustik,435,,,,,12/04/2010,https://www.videogamesrecords.net/en/pok%C3%A9athlon-game-g2166/pok%C3%A9athlon-group-g7722/course-speed-chart-c137945/index,France,n,11
[DX]CiaraJansonFan,424,,,,,12/04/2010,https://www.videogamesrecords.net/en/pok%C3%A9athlon-game-g2166/pok%C3%A9athlon-group-g7722/course-speed-chart-c137945/index,United Kingdom,n,12
[Gamer]wadoludo,363,,,,,12/04/2010,https://www.videogamesrecords.net/en/pok%C3%A9athlon-game-g2166/pok%C3%A9athlon-group-g7722/course-speed-chart-c137945/index,Brazil,n,13
[B2H]Basile,508,139,126,175,68,13/04/2010,https://www.videogamesrecords.net/en/pok%C3%A9athlon-game-g2166/pok%C3%A9athlon-group-g7722/course-speed-chart-c137945/index,France,y,14
[SBEXP]PIERREL05,401,,,,,13/04/2010,https://www.videogamesrecords.net/en/pok%C3%A9athlon-game-g2166/pok%C3%A9athlon-group-g7722/course-speed-chart-c137945/index,France,n,15
[B2H]Joujou-Michael,553,,,,,20/04/2010,https://www.videogamesrecords.net/en/pok%C3%A9athlon-game-g2166/pok%C3%A9athlon-group-g7722/course-speed-chart-c137945/index,France,n,16
[RS]Yoshi55,467,136,126,144,61,23/04/2010,https://www.videogamesrecords.net/en/pok%C3%A9athlon-game-g2166/pok%C3%A9athlon-group-g7722/course-speed-chart-c137945/index,France,y,17
[GP]Darkabe,449,,,,,08/05/2010,https://www.videogamesrecords.net/en/pok%C3%A9athlon-game-g2166/pok%C3%A9athlon-group-g7722/course-speed-chart-c137945/index,Belgium,n,18
NassaDane,509,,,,,16/05/2010,https://gamefaqs.gamespot.com/boards/960099-pokemon-heartgold-version/54800054,Western countries,n,19
hatena2,492,120,114,167,91,21/05/2010,https://suimidori.hatenablog.jp/entry/33138404,Japan,n,20
Eon80,535,,,,,19/06/2010,https://www.neoseeker.com/forums/44117/t1543700-my-pokeathlon-guide/,Western countries,n,21
Chaos Team,502,,,,,19/06/2010,https://www.neoseeker.com/forums/44117/t1543700-my-pokeathlon-guide/,Western countries,n,22
[RS]elpierrot17,513,,,,,23/07/2010,https://www.videogamesrecords.net/en/pok%C3%A9athlon-game-g2166/pok%C3%A9athlon-group-g7722/course-speed-chart-c137945/index,France,n,23
ash300383,429,144,102,151,62,23/07/2010,https://www.neoseeker.com/forums/44117/t1557977-pokeathlon-high-scores/,Western countries,n,24
PyrosAWX,482,,,,,09/08/2010,https://www.videogamesrecords.net/en/pok%C3%A9athlon-game-g2166/pok%C3%A9athlon-group-g7722/course-speed-chart-c137945/index,France,n,25
[RS]Boullu,446,,,,,24/08/2010,https://www.videogamesrecords.net/en/pok%C3%A9athlon-game-g2166/pok%C3%A9athlon-group-g7722/course-speed-chart-c137945/index,France,y,26
[GB]m251,485,,,,,28/08/2010,https://www.videogamesrecords.net/en/pok%C3%A9athlon-game-g2166/pok%C3%A9athlon-group-g7722/course-speed-chart-c137945/index,France,n,27
PsychoMugetsu,514,,,,,04/09/2010,https://www.neoseeker.com/forums/44117/t1557977-pokeathlon-high-scores/,Western countries,n,28
CrystalDragon,422,,,,,05/09/2010,https://www.neoseeker.com/forums/44117/t1557977-pokeathlon-high-scores/,Western countries,n,29
bond007106,480,,,,,30/09/2010,https://www.neoseeker.com/forums/44117/t1557977-pokeathlon-high-scores/,Western countries,n,30
King j,492,,,,,05/10/2010,https://www.youtube.com/watch?v=n8zbXumsjkA,Western countries,y,31
eeci,534,,,,,12/10/2010,https://www.neoseeker.com/forums/44116/t1523114-pokeathlon-records/3.htm,Western countries,n,32
[‚≠ê]nickwii77,393,,,,,07/12/2010,https://www.videogamesrecords.net/en/pok%C3%A9athlon-game-g2166/pok%C3%A9athlon-group-g7722/course-speed-chart-c137945/index,Western countries,n,33
jacob0057,422,,,,,10/12/2010,https://www.neoseeker.com/forums/44116/t1523114-pokeathlon-records/3.htm,Western countries,n,34
eeci,534,144,147,198,45,12/12/2010,https://www.neoseeker.com/forums/44116/t1523114-pokeathlon-records/3.htm,Western countries,n,35
Magiclapras,408,,,,,08/01/2011,https://cyberscore.me.uk/games/864,AUS,n,36
Hikaru,505,137,117,157,94,20/01/2011,https://plaza.rakuten.co.jp/ginnohikari/7003/,Japan,n,37
ShinySephiroth,486,,,,,14/02/2011,https://projectpokemon.org/home/forums/topic/11171-record-for-the-pokeathlon/,Western countries,n,38
Dominitzk,457,,,,,17/02/2011,https://cyberscore.me.uk/games/864,GER,n,39
[[77]]Tanguy,432,,,,,23/02/2011,https://www.videogamesrecords.net/en/pok%C3%A9athlon-game-g2166/pok%C3%A9athlon-group-g7722/course-speed-chart-c137945/index,France,n,40
Sunny Day,499,,,,,06/03/2011,https://projectpokemon.org/home/forums/topic/11171-record-for-the-pokeathlon/,Western countries,n,41
glukkers,485,,,,,08/03/2011,https://cyberscore.me.uk/games/864,AUS,n,42
Lechanceux,522,139,135,192,56,02/04/2011,https://www.videogamesrecords.net/en/pok%C3%A9athlon-game-g2166/pok%C3%A9athlon-group-g7722/course-speed-chart-c137945/index,France,y,43
guest,500,141,123,175,61,09/04/2011,https://www.neoseeker.com/forums/44116/t1523114-pokeathlon-records/3.htm,Western countries,n,44
truthseeker00,533,,,,,15/04/2011,https://gamefaqs.gamespot.com/ds/960100-pokemon-soulsilver-version/faqs/59454,Western countries,n,45
The_rhymer,532,,,,,15/04/2011,https://gamefaqs.gamespot.com/ds/960100-pokemon-soulsilver-version/faqs/59454,Western countries,n,46
roguezam,531,,,,,15/04/2011,https://gamefaqs.gamespot.com/ds/960100-pokemon-soulsilver-version/faqs/59454,Western countries,n,47
Bownzinho,424,,,,,29/05/2011,https://cyberscore.me.uk/games/864,UK,n,48
jacobthepokemonfreak,473,,,,,28/07/2011,https://forums.serebii.net/threads/pokeathlon-discussion-and-records.529378/,Western countries,n,49
RaichuArcanine,424,,,,,30/07/2011,https://forums.serebii.net/threads/pokeathlon-discussion-and-records.529378/page-2,Western countries,n,50
GrandMasterAish !,374,,,,,31/07/2011,https://cyberscore.me.uk/games/864,AUS,n,51
Acquarelle,471,,,,,08/08/2011,https://forums.serebii.net/threads/pokeathlon-discussion-and-records.529378/page-2,Western countries,n,52
TotalPotato,452,,,,,09/08/2011,https://forums.serebii.net/threads/pokeathlon-discussion-and-records.529378/page-2,Western countries,n,53
Angeltripper,448,,,,,14/08/2011,https://forums.serebii.net/threads/pokeathlon-discussion-and-records.529378/page-2,Western countries,n,54
Nintendofreak2245,513,,,,,19/08/2011,https://cyberscore.me.uk/games/864,US,n,55
lolrandomnojoke,468,,,,,30/08/2011,https://www.youtube.com/watch?v=Kq5YtVeBlE0,Western countries,y,56
Angusman69,489,,,,,04/09/2011,https://www.neoseeker.com/forums/44117/t1557977-pokeathlon-high-scores/,Western countries,n,57
disposable_heroes,441,,,,,25/09/2011,https://forums.serebii.net/threads/pokeathlon-discussion-and-records.529378/page-2,Western countries,n,58
dragon35,485,,,,,26/09/2011,https://forums.serebii.net/threads/pokeathlon-discussion-and-records.529378/page-2,Western countries,n,59
Andrew Reuter,529,141,156,187,44,12/10/2011,https://www.youtube.com/watch?v=Lv4cF3Qrl8M,Western countries,y,60
Ausgirl,455,125,108,160,62,16/10/2011,https://forums.serebii.net/threads/pokeathlon-discussion-and-records.529378/page-2,Western countries,n,61
zapteryx,509,,,,,27/10/2011,https://forums.serebii.net/threads/pokeathlon-discussion-and-records.529378/page-3,Western countries,n,62
ballistic Buizel,434,,,,,11/11/2011,https://forums.serebii.net/threads/pokeathlon-discussion-and-records.529378/page-4,Western countries,n,63
PokePoindexter,503,,,,,17/11/2011,https://projectpokemon.org/home/forums/topic/11171-record-for-the-pokeathlon/,Western countries,n,64
silver-sponge,403,,,,,19/11/2011,https://www.videogamesrecords.net/en/pok%C3%A9athlon-game-g2166/pok%C3%A9athlon-group-g7722/course-speed-chart-c137945/index,France,n,65
yeminied,433,,,,,08/12/2011,https://forums.serebii.net/threads/pokeathlon-discussion-and-records.529378/page-5,Western countries,n,66
Volcaronick,427,,,,,28/12/2011,https://forums.serebii.net/threads/pokeathlon-discussion-and-records.529378/page-3,western countries,n,67
ChaosZero_CDC,519,,,,,14/02/2012,https://forums.serebii.net/threads/pokeathlon-discussion-and-records.529378/page-3,western countries,n,68
Chimecho3000,514,,,,,07/03/2012,https://forums.serebii.net/threads/pokeathlon-discussion-and-records.529378/page-3,western countries,n,69
Lord Fighting ,447,,,,,22/03/2012,https://forums.serebii.net/threads/pokeathlon-discussion-and-records.529378/page-3,western countries,n,70
alexnag,501,,,,,14/04/2012,https://www.neoseeker.com/forums/44116/t1523114-pokeathlon-records/4.htm,Western countries,n,71
Snowden,550,,,,,10/05/2012,https://forums.serebii.net/threads/pokeathlon-discussion-and-records.529378/page-3,western countries,n,72
Tiigon,449,,,,,14/06/2012,https://www.videogamesrecords.net/en/pok%C3%A9athlon-game-g2166/pok%C3%A9athlon-group-g7722/course-speed-chart-c137945/index,Finland,n,73
[CA.fr]pkaddict58,498,122,111,181,84,08/07/2012,https://www.videogamesrecords.net/en/pok%C3%A9athlon-game-g2166/pok%C3%A9athlon-group-g7722/course-speed-chart-c137945/index,France,y,74
Mugeli,371,,,,,12/08/2012,https://cyberscore.me.uk/games/864,FIN,n,75
DAMN.,526,,,,,24/12/2012,https://forum.pokemonmillennium.net/topic/5754-record-pok%C3%A9athlon/,Italy,n,76
xAlien95,495,,,,,24/12/2012,https://forum.pokemonmillennium.net/topic/5754-record-pok%C3%A9athlon/,Italy,n,77
Axelf,462,,,,,24/12/2012,https://forum.pokemonmillennium.net/topic/5754-record-pok%C3%A9athlon/,Italy,n,78
Krisi,524,,,,,28/01/2013,https://www.videogamesrecords.net/en/pok%C3%A9athlon-game-g2166/pok%C3%A9athlon-group-g7722/course-speed-chart-c137945/index,Hungary,n,79
Carby,488,,,,,05/03/2013,https://www.videogamesrecords.net/en/pok%C3%A9athlon-game-g2166/pok%C3%A9athlon-group-g7722/course-speed-chart-c137945/index,France,n,80
[CA.fr]GiraPrimal,525,,,,,03/04/2013,https://www.videogamesrecords.net/en/pok%C3%A9athlon-game-g2166/pok%C3%A9athlon-group-g7722/course-speed-chart-c137945/index,France,n,81
Eetu247,479,,,,,06/04/2013,https://www.videogamesrecords.net/en/pok%C3%A9athlon-game-g2166/pok%C3%A9athlon-group-g7722/course-speed-chart-c137945/index,Finland,n,82
Minccinostopaz,413,,,,,27/04/2013,https://projectpokemon.org/home/forums/topic/11171-record-for-the-pokeathlon/,Western countries,n,83
SabreNightmare,391,,,,,21/05/2013,https://cyberscore.me.uk/games/864,UK,n,84
[BF]BlackShark,520,,,,,24/02/2014,https://www.videogamesrecords.net/en/pok%C3%A9athlon-game-g2166/pok%C3%A9athlon-group-g7722/course-speed-chart-c137945/index,France,n,85
BielR3,479,,,,,03/03/2014,https://cyberscore.me.uk/games/864,SPA,n,86
JustSayingHi,549,,,,,19/07/2014,https://www.neoseeker.com/forums/44116/t1523114-pokeathlon-records/1.htm,Western countries,n,87
u/AirMan121,562,141,135,200,86,24/07/2014,https://www.reddit.com/r/pokemon/comments/2bmjh8/pokeathlon_world_record_thread/,Western countries,y,88
u/Kingofawesomenes,512,131,132,188,61,24/07/2014,https://www.reddit.com/r/pokemon/comments/2bmjh8/pokeathlon_world_record_thread/,Western countries,y,89
hfactor66,514,138,150,143,83,29/09/2014,https://www.youtube.com/watch?v=1vibNkAS0Zc&list=UUGdF7nB2kL349ynh_8QB3Xw#t=1m10s,US,y,90
Pokemonmaster888,477,134,120,153,70,14/12/2014,https://cyberscore.me.uk/games/864,US,y,91
"Alex ""mathfreak231"" B",556,134,147,196,79,08/03/2015,https://cyberscore.me.uk/games/864,US,y,92
333609543,507,,,,,20/03/2015,https://www.neoseeker.com/forums/44116/t1523114-pokeathlon-records/1.htm,Western countries,n,93
Lyto,509,141,126,179,63,05/06/2015,https://cyberscore.me.uk/games/864,UK,y,94
LarXeneUS13,434,,,,,06/06/2015,https://www.videogamesrecords.net/en/pok%C3%A9athlon-game-g2166/pok%C3%A9athlon-group-g7722/course-speed-chart-c137945/index,France,n,95
Astragazer,494,,,,,18/08/2015,https://cyberscore.me.uk/games/864,US,n,96
mathfreak231,,,,,,29/09/2015,https://www.videogamesrecords.net/en/pok%C3%A9athlon-game-g2166/pok%C3%A9athlon-group-g7722/course-speed-chart-c137945/index,United States of America,y,97
[DS]ScaryDodge,439,,,,,24/04/2016,https://www.videogamesrecords.net/en/pok%C3%A9athlon-game-g2166/pok%C3%A9athlon-group-g7722/course-speed-chart-c137945/index,Portugal,n,98
PurpleOstrich47,537,130,156,155,96,29/07/2016,https://cyberscore.me.uk/games/864,US,y,99
hotdogturtle,571,146,147,190,88,30/04/2017,https://cyberscore.me.uk/games/864,US,y,100
[B2H]Kanbei,422,,,,,01/05/2017,https://www.videogamesrecords.net/en/pok%C3%A9athlon-game-g2166/pok%C3%A9athlon-group-g7722/course-speed-chart-c137945/index,Monaco,n,101
"Lennert ""SaimeZX""",455,119,96,180,60,30/06/2017,https://cyberscore.me.uk/games/864,BLG,y,102
u/BANTAVGC,526,143,126,200,57,29/10/2017,https://www.reddit.com/r/pokemon/comments/79ird5/pokeathlon_world_records/,Western countries,y,103
u/RBGolbat,495,122,114,157,102,30/10/2017,https://www.reddit.com/r/pokemon/comments/79ird5/pokeathlon_world_records/,Western countries,y,104
Linke,554,,,,,22/12/2017,https://www.videogamesrecords.net/en/pok%C3%A9athlon-game-g2166/pok%C3%A9athlon-group-g7722/course-speed-chart-c137945/index,Australia,n,105
"Noble ""nnmn"" Prize",450,,,,,26/02/2018,https://cyberscore.me.uk/games/864,US,n,106
Alessio954,526,142,120,177,87,08/05/2019,https://cyberscore.me.uk/games/864,ITA,y,107
[FS]Thebestsilver7,379,101,84,133,61,21/05/2020,https://www.videogamesrecords.net/en/pok%C3%A9athlon-game-g2166/pok%C3%A9athlon-group-g7722/course-speed-chart-c137945/index,Spain,y,108
FlamezOfGamez,500,137,129,154,80,03/08/2021,https://cyberscore.me.uk/games/864,US,y,109
Thebestsilver7,379,101,84,133,61,25/01/2022,https://cyberscore.me.uk/games/864,SPA,y,110
u/MarsAdept,471,,,,,27/01/2022,https://www.reddit.com/r/pokemon/comments/sdqm0o/highest_scores_in_the_pokeathlon/,Western countries,n,111
u/Wrong_Owl,491,118,153,161,59,15/05/2022,https://www.reddit.com/r/pokemon/comments/sdqm0o/highest_scores_in_the_pokeathlon/,Western countries,n,112
u/YouMayNotKnowMeNow,590,147,141,200,102,01/08/2022,https://www.reddit.com/r/pokemon/comments/sdqm0o/highest_scores_in_the_pokeathlon/,Western countries,y,113
Megane,565,141,162,187,75,18/09/2022,https://megane0924.blog.jp/archives/47518542.html,Japan,y,114
Linke,605,151,129,200,125,09/10/2022,https://cyberscore.me.uk/charts/111814,AUS,y,115
shadeheart,498,,,,,22/09/2023,https://cyberscore.me.uk/games/864,,n,116
Mathy,556,,,,,05/01/2024,https://www.smogon.com/forums/threads/pok%C3%A9athlon-records.3715012/,,n,117
BeafCultist,583,146,156,200,81,06/01/2024,https://cyberscore.me.uk/games/864,US,y,118
u/BigCheeseNaan,537,147,141,200,49,13/10/2024,https://www.reddit.com/r/pokemon/comments/79ird5/pokeathlon_world_records/,France,y,119
PiplupHG,501,,,,,28/12/2024,https://discord.com,italy,y,
PiplupSS,489,,,,,28/12/2024,https://discord.com,Italy,y,
CS_,630,143,156,200,131,20/07/2025,https://www.smogon.com/forums/threads/pok%C3%A9athlon-records.3715012/page-2,,y,
CS_,641,150,150,200,141,28/07/2025,https://www.smogon.com/forums/threads/pok%C3%A9athlon-records.3715012/page-2,,y,
CS_,657,150,156,200,151,28/07/2025,https://www.smogon.com/forums/threads/pok%C3%A9athlon-records.3715012/page-2,,y,
TEST,1000,150,156,200,151,28/07/2025,https://www.smogon.com/forums/threads/pok%C3%A9athlon-records.3715012/page-2,,y,
PiplupSS,523,,,,,,,,y,
