Player,Total Score,Ring Drop,Relay Run,Block Smash,Bonus points,Date,Link,Country,Photo,Colonna 1
[DX]CiaraJansonFan,339,,,,,04/04/2011,https://www.videogamesrecords.net/en/pok%C3%A9athlon-game-g2166/pok%C3%A9athlon-group-g7722/course-stamina-chart-c137948/index,United Kingdom,n,2
Bownzinho,339,,,,,29/05/2011,https://cyberscore.me.uk/games/864,,n,3
SkyHippowdon,362,102,139,70,51,17/09/2009,https://www.youtube.com/watch?v=Ji4ZWR5aRiU,Japan,y,4
[‚≠ê]nickwii77,371,,,,,07/12/2010,https://www.videogamesrecords.net/en/pok%C3%A9athlon-game-g2166/pok%C3%A9athlon-group-g7722/course-stamina-chart-c137948/index,(No country flag),n,5
GrandMasterAish !,377,,,,,31/07/2011,https://cyberscore.me.uk/games/864,,n,6
[RS]Boullu,388,,,,,24/08/2010,https://www.videogamesrecords.net/en/pok%C3%A9athlon-game-g2166/pok%C3%A9athlon-group-g7722/course-stamina-chart-c137948/index,France,y,7
[SBEXP]PIERREL05,395,,,,,13/04/2010,https://www.videogamesrecords.net/en/pok%C3%A9athlon-game-g2166/pok%C3%A9athlon-group-g7722/course-stamina-chart-c137948/index,France,n,8
ballistic Buizel,397,,,,,11/11/2011,https://forums.serebii.net/threads/pokeathlon-discussion-and-records.529378/page-4,Western countries,n,9
Mugeli,399,,,,,10/08/2012,https://cyberscore.me.uk/games/864,,n,10
silver-sponge,400,,,,,19/11/2011,https://www.videogamesrecords.net/en/pok%C3%A9athlon-game-g2166/pok%C3%A9athlon-group-g7722/course-stamina-chart-c137948/index,France,n,11
[GP]Darkabe,416,,,,,08/05/2010,https://www.videogamesrecords.net/en/pok%C3%A9athlon-game-g2166/pok%C3%A9athlon-group-g7722/course-stamina-chart-c137948/index,Belgium,n,12
zaldor,418,,,,,19/02/2014,https://cyberscore.me.uk/games/864,,n,13
LarXeneUS13,427,,,,,06/01/2015,https://www.videogamesrecords.net/en/pok%C3%A9athlon-game-g2166/pok%C3%A9athlon-group-g7722/course-stamina-chart-c137948/index,France,n,14
Ausgirl,430,171,101,50,50,16/10/2011,https://forums.serebii.net/threads/pokeathlon-discussion-and-records.529378/page-2,Western countries,n,15
[DS]ScaryDodge,434,,,,,24/04/2016,https://www.videogamesrecords.net/en/pok%C3%A9athlon-game-g2166/pok%C3%A9athlon-group-g7722/course-stamina-chart-c137948/index,Portugal,n,16
[FS]Thebestsilver7,438,200,112,62,64,21/05/2020,https://www.videogamesrecords.net/en/pok%C3%A9athlon-game-g2166/pok%C3%A9athlon-group-g7722/course-stamina-chart-c137948/index,Spain,y,17
Thebestsilver7,438,200,112,62,64,25/01/2022,https://cyberscore.me.uk/games/864,,y,18
Magiclapras,443,,,,,02/01/2011,https://cyberscore.me.uk/games/864,,n,19
[RS]elpierrot17,448,,,,,12/04/2010,https://www.videogamesrecords.net/en/pok%C3%A9athlon-game-g2166/pok%C3%A9athlon-group-g7722/course-stamina-chart-c137948/index,France,n,20
Lord Fighting ,448,,,,,22/03/2012,https://forums.serebii.net/threads/pokeathlon-discussion-and-records.529378/page-3,western countries,n,21
CrystalDragon,453,,,,,05/09/2010,https://www.neoseeker.com/forums/44117/t1557977-pokeathlon-high-scores/,Western countries,n,22
Dominitzk,456,,,,,17/02/2011,https://cyberscore.me.uk/games/864,,n,23
"Noble ""nnmn"" Prize",458,,,,,26/02/2018,https://cyberscore.me.uk/games/864,,n,24
jacob0057,461,,,,,10/12/2010,https://www.neoseeker.com/forums/44116/t1523114-pokeathlon-records/3.htm,Western countries,n,25
Minccinostopaz,461,,,,,27/04/2013,https://projectpokemon.org/home/forums/topic/11171-record-for-the-pokeathlon/,Western countries,n,26
TotalPotato,465,,,,,09/08/2011,https://forums.serebii.net/threads/pokeathlon-discussion-and-records.529378/page-2,Western countries,n,27
[Czn]daft.moustik,471,,,,,12/04/2010,https://www.videogamesrecords.net/en/pok%C3%A9athlon-game-g2166/pok%C3%A9athlon-group-g7722/course-stamina-chart-c137948/index,France,n,28
Volcaronick,471,,,,,28/12/2011,https://forums.serebii.net/threads/pokeathlon-discussion-and-records.529378/page-3,western countries,n,29
Chaos Team,473,,,,,19/06/2010,https://www.neoseeker.com/forums/44117/t1543700-my-pokeathlon-guide/,Western countries,n,30
RaichuArcanine,475,,,,,30/07/2011,https://forums.serebii.net/threads/pokeathlon-discussion-and-records.529378/page-2,Western countries,n,31
"Lennert ""SaimeZX""",479,200,143,98,38,07/02/2014,https://cyberscore.me.uk/games/864,,y,32
shayminguy7,483,,,,,02/04/2010,https://gamefaqs.gamespot.com/boards/960099-pokemon-heartgold-version/54194139,Western countries,n,33
[BF]BlackShark,484,,,,,13/04/2010,https://www.videogamesrecords.net/en/pok%C3%A9athlon-game-g2166/pok%C3%A9athlon-group-g7722/course-stamina-chart-c137948/index,France,n,34
glukkers,484,,,,,16/02/2011,https://cyberscore.me.uk/games/864,,n,35
Nerdrowwilson,486,,,,,04/04/2010,https://gamefaqs.gamespot.com/boards/960099-pokemon-heartgold-version/54194139?page=2,Western countries,n,36
Eetu247,491,,,,,06/04/2013,https://www.videogamesrecords.net/en/pok%C3%A9athlon-game-g2166/pok%C3%A9athlon-group-g7722/course-stamina-chart-c137948/index,Finland,n,37
NassaDane,492,,,,,16/05/2010,https://gamefaqs.gamespot.com/boards/960099-pokemon-heartgold-version/54800054,Western countries,n,38
Angeltripper,493,,,,,14/08/2011,https://forums.serebii.net/threads/pokeathlon-discussion-and-records.529378/page-2,Western countries,n,39
SabreNightmare,493,,,,,21/05/2013,https://cyberscore.me.uk/games/864,,n,40
hatena2,494,189,138,105,62,22/10/2009,https://suimidori.hatenablog.jp/entry/31045674,Japan,n,41
Pokemonmaster888,494,200,129,120,45,14/12/2014,https://cyberscore.me.uk/games/864,,y,42
[GB]m251,495,,,,,28/08/2010,https://www.videogamesrecords.net/en/pok%C3%A9athlon-game-g2166/pok%C3%A9athlon-group-g7722/course-stamina-chart-c137948/index,France,n,43
pikaby,497,,,,,04/04/2010,https://www.youtube.com/watch?v=x9v31tg6TqI,Japan,y,44
jacobthepokemonfreak,497,,,,,28/07/2011,https://forums.serebii.net/threads/pokeathlon-discussion-and-records.529378/,Western countries,n,45
u/Wrong_Owl,498,200,125,100,73,15/05/2022,https://www.reddit.com/r/pokemon/comments/sdqm0o/highest_scores_in_the_pokeathlon/,Western countries,n,46
Acquarelle,502,,,,,08/08/2011,https://forums.serebii.net/threads/pokeathlon-discussion-and-records.529378/page-2,Western countries,n,47
disposable_heroes,502,,,,,25/09/2011,https://forums.serebii.net/threads/pokeathlon-discussion-and-records.529378/page-2,Western countries,n,48
Axelf,503,,,,,24/12/2012,https://forum.pokemonmillennium.net/topic/5754-record-pok%C3%A9athlon/,Italy,n,49
[RS]Yoshi55,504,200,136,120,48,20/03/2011,https://www.videogamesrecords.net/en/pok%C3%A9athlon-game-g2166/pok%C3%A9athlon-group-g7722/course-stamina-chart-c137948/index,France,y,50
[B2H]Kanbei,504,,,,,01/05/2017,https://www.videogamesrecords.net/en/pok%C3%A9athlon-game-g2166/pok%C3%A9athlon-group-g7722/course-stamina-chart-c137948/index,Monaco,n,51
PiplupHG,504,,,,,28/12/2024,https://discord.com,italy,y,
ash300383,505,200,149,106,50,23/07/2010,https://www.neoseeker.com/forums/44117/t1557977-pokeathlon-high-scores/,Western countries,n,53
bond007106,506,,,,,30/09/2010,https://www.neoseeker.com/forums/44117/t1557977-pokeathlon-high-scores/,Western countries,n,54
Nintendofreak2245,506,,,,,19/08/2011,https://cyberscore.me.uk/games/864,,n,55
Astragazer,506,,,,,18/08/2015,https://cyberscore.me.uk/games/864,,n,56
xAlien95,507,,,,,24/12/2012,https://forum.pokemonmillennium.net/topic/5754-record-pok%C3%A9athlon/,Italy,n,57
PyrosAWX,510,,,,,16/08/2010,https://www.videogamesrecords.net/en/pok%C3%A9athlon-game-g2166/pok%C3%A9athlon-group-g7722/course-stamina-chart-c137948/index,France,n,58
DAMN.,511,,,,,24/12/2012,https://forum.pokemonmillennium.net/topic/5754-record-pok%C3%A9athlon/,Italy,n,59
BielR3,511,,,,,20/05/2014,https://cyberscore.me.uk/games/864,,n,60
Tiigon,515,,,,,15/06/2012,https://www.videogamesrecords.net/en/pok%C3%A9athlon-game-g2166/pok%C3%A9athlon-group-g7722/course-stamina-chart-c137948/index,Finland,n,61
NESKamikaze,516,,,,,12/04/2010,https://www.supercheats.com/nintendods/walkthroughs/pokemonsoulsilver-walkthrough07.txt,Western countries,n,62
King j,516,,,,,05/10/2010,https://www.youtube.com/watch?v=n8zbXumsjkA,Western countries,y,63
PokePoindexter,516,,,,,17/11/2011,https://projectpokemon.org/home/forums/topic/11171-record-for-the-pokeathlon/,Western countries,n,64
guest,517,189,167,111,50,09/04/2011,https://www.neoseeker.com/forums/44116/t1523114-pokeathlon-records/3.htm,Western countries,n,65
zapteryx,518,,,,,27/10/2011,https://forums.serebii.net/threads/pokeathlon-discussion-and-records.529378/page-4,Western countries,n,66
Lyto,518,199,171,90,58,05/06/2015,https://cyberscore.me.uk/games/864,,y,67
MatthewOsk,519,,,,,12/04/2010,https://www.supercheats.com/nintendods/walkthroughs/pokemonsoulsilver-walkthrough07.txt,Western countries,n,68
dragon35,520,,,,,26/09/2011,https://forums.serebii.net/threads/pokeathlon-discussion-and-records.529378/page-2,Western countries,n,69
Carby,520,,,,,05/03/2013,https://www.videogamesrecords.net/en/pok%C3%A9athlon-game-g2166/pok%C3%A9athlon-group-g7722/course-stamina-chart-c137948/index,France,n,70
Icedragon26,521,,,,,12/04/2010,https://www.supercheats.com/nintendods/walkthroughs/pokemonsoulsilver-walkthrough07.txt,Western countries,n,71
333609543,522,,,,,20/03/2015,https://www.neoseeker.com/forums/44116/t1523114-pokeathlon-records/1.htm,Western countries,n,72
Angusman69,523,,,,,04/09/2011,https://www.neoseeker.com/forums/44117/t1557977-pokeathlon-high-scores/,Western countries,n,73
[CA.fr]GiraPrimal,526,,,,,03/04/2013,https://www.videogamesrecords.net/en/pok%C3%A9athlon-game-g2166/pok%C3%A9athlon-group-g7722/course-stamina-chart-c137948/index,France,n,74
Snowden,528,,,,,10/05/2012,https://forums.serebii.net/threads/pokeathlon-discussion-and-records.529378/page-3,western countries,n,75
PurpleOstrich47,528,200,171,120,37,29/07/2016,https://cyberscore.me.uk/games/864,,y,76
alexnag,530,,,,,14/04/2012,https://www.neoseeker.com/forums/44116/t1523114-pokeathlon-records/4.htm,Western countries,n,77
hfactor66,531,,,,,29/09/2014,https://cyberscore.me.uk/games/864,,y,78
hatena2,532,200,145,129,58,21/05/2010,https://suimidori.hatenablog.jp/entry/33138404,Japan,n,79
[CA.fr]pkaddict58,532,200,132,122,78,08/07/2012,https://www.videogamesrecords.net/en/pok%C3%A9athlon-game-g2166/pok%C3%A9athlon-group-g7722/course-stamina-chart-c137948/index,France,y,80
u/Kingofawesomenes,532,200,152,119,61,24/07/2014,https://www.reddit.com/r/pokemon/comments/2bmjh8/pokeathlon_world_record_thread/,Western countries,y,81
[B2H]Joujou-Michael,533,,,,,20/04/2010,https://www.videogamesrecords.net/en/pok%C3%A9athlon-game-g2166/pok%C3%A9athlon-group-g7722/course-stamina-chart-c137948/index,France,n,82
lolrandomnojoke,536,,,,,30/08/2011,https://www.youtube.com/watch?v=Kq5YtVeBlE0,Western countries,y,83
ShinySephiroth,537,,,,,14/02/2011,https://projectpokemon.org/home/forums/topic/11171-record-for-the-pokeathlon/,Western countries,n,84
Krisi,538,,,,,28/01/2013,https://www.videogamesrecords.net/en/pok%C3%A9athlon-game-g2166/pok%C3%A9athlon-group-g7722/course-stamina-chart-c137948/index,Hungary,n,85
Linke,540,,,,,22/12/2017,https://www.videogamesrecords.net/en/pok%C3%A9athlon-game-g2166/pok%C3%A9athlon-group-g7722/course-stamina-chart-c137948/index,Australia,n,86
Ayenamae,543,,,,,15/04/2011,https://gamefaqs.gamespot.com/ds/960100-pokemon-soulsilver-version/faqs/59454,Western countries,n,87
Alessio954,545,200,157,130,58,08/05/2019,https://cyberscore.me.uk/games/864,,y,88
PsychoMugetsu,546,,,,,04/09/2010,https://www.neoseeker.com/forums/44117/t1557977-pokeathlon-high-scores/,Western countries,n,89
Chimecho3000,546,,,,,07/03/2012,https://forums.serebii.net/threads/pokeathlon-discussion-and-records.529378/page-3,western countries,n,90
Lechanceux,546,,,,,04/04/2012,https://www.videogamesrecords.net/en/pok%C3%A9athlon-game-g2166/pok%C3%A9athlon-group-g7722/course-stamina-chart-c137948/index,France,n,91
Sunny Day,549,,,,,06/03/2011,https://projectpokemon.org/home/forums/topic/11171-record-for-the-pokeathlon/,Western countries,n,92
u/MarsAdept,551,,,,,27/01/2022,https://www.reddit.com/r/pokemon/comments/sdqm0o/highest_scores_in_the_pokeathlon/,Western countries,n,93
PiplupSS,551,,,,,28/12/2024,https://discord.com,Italy,y,
[B2H]Basile,555,200,180,122,53,25/04/2010,https://www.videogamesrecords.net/en/pok%C3%A9athlon-game-g2166/pok%C3%A9athlon-group-g7722/course-stamina-chart-c137948/index,France,y,95
eeci,555,,,,,12/10/2010,https://www.neoseeker.com/forums/44116/t1523114-pokeathlon-records/3.htm,Western countries,n,96
"Basile ""itachi55""",555,,,,,05/01/2019,https://cyberscore.me.uk/games/864,,n,97
FlamezOfGamez,557,200,155,135,67,22/07/2021,https://cyberscore.me.uk/games/864,,y,98
ChaosZero_CDC,559,,,,,14/02/2012,https://forums.serebii.net/threads/pokeathlon-discussion-and-records.529378/page-3,western countries,n,99
taib,564,,,,,15/04/2011,https://gamefaqs.gamespot.com/ds/960100-pokemon-soulsilver-version/faqs/59454,Western countries,n,100
u/BANTAVGC,564,200,146,149,69,29/10/2017,https://www.reddit.com/r/pokemon/comments/79ird5/pokeathlon_world_records/,Western countries,y,101
u/RBGolbat,565,174,130,61,200,30/10/2017,https://www.reddit.com/r/pokemon/comments/79ird5/pokeathlon_world_records/,Western countries,y,102
Andrew Reuter,567,200,173,145,49,12/10/2011,https://www.youtube.com/watch?v=Lv4cF3Qrl8M,Western countries,y,103
u/YouMayNotKnowMeNow,569,200,170,122,77,01/08/2022,https://www.reddit.com/r/pokemon/comments/sdqm0o/highest_scores_in_the_pokeathlon/,Western countries,y,104
Megane,569,200,165,131,73,18/09/2022,https://megane0924.blog.jp/archives/47518542.html,Japan,y,105
Hikaru,570,200,165,131,74,20/01/2011,https://plaza.rakuten.co.jp/ginnohikari/7003/,Japan,n,106
vash_starfang,571,,,,,15/04/2011,https://gamefaqs.gamespot.com/ds/960100-pokemon-soulsilver-version/faqs/59454,Western countries,n,107
Megane,573,200,160,138,75,08/10/2022,https://megane0924.blog.jp/archives/47518542.html,Japan,y,108
ranbapkm,580,200,200,130,50,07/12/2009,http://ranbapkmn.blog85.fc2.com/blog-entry-99.html,Japan,n,109
Eon80,581,,,,,19/06/2010,https://www.neoseeker.com/forums/44117/t1543700-my-pokeathlon-guide/,Western countries,n,110
JustSayingHi,581,,,,,19/07/2014,https://www.neoseeker.com/forums/44116/t1523114-pokeathlon-records/1.htm,,n,111
"Alex ""mathfreak231"" B",584,200,184,132,68,07/07/2015,https://cyberscore.me.uk/games/864,,y,112
mathfreak231,584,200,184,132,68,29/09/2015,https://www.videogamesrecords.net/en/pok%C3%A9athlon-game-g2166/pok%C3%A9athlon-group-g7722/course-stamina-chart-c137948/index,United States of America,y,113
BeafCultist,590,200,187,147,56,06/01/2024,https://cyberscore.me.uk/games/864,,y,114
hotdogturtle,595,200,200,132,63,30/04/2017,https://cyberscore.me.uk/games/864,,y,115
Linke,596,200,200,110,86,17/09/2024,https://cyberscore.me.uk/games/864,,y,116
eeci,600,200,200,151,49,12/12/2010,https://www.neoseeker.com/forums/44116/t1523114-pokeathlon-records/3.htm,Western countries,n,117
u/BigCheeseNaan,628,200,199,160,69,13/10/2024,https://www.reddit.com/r/pokemon/comments/79ird5/pokeathlon_world_records/,France,y,118
[[77]]Tanguy,650,,,,,21/02/2011,https://www.videogamesrecords.net/en/pok%C3%A9athlon-game-g2166/pok%C3%A9athlon-group-g7722/course-stamina-chart-c137948/index,France,y,119
yeminied,,,,,,08/12/2011,https://forums.serebii.net/threads/pokeathlon-discussion-and-records.529378/page-5,Western countries,n,120